time,E_hw_wet_well
0.03125,129032.58034765
0.09375,131898.84231633
0.21875,133733.75668952
0.46875,134526.71828601
0.96875,134514.19230475
1.96875,134025.43095575
2.96875,133609.04496642
3.96875,133331.49684026
4.96875,133155.1594562
5.96875,133042.0192522
6.96875,132967.27764619
7.96875,132916.32908232
8.96875,132880.71485313
9.96875,132855.43956338
10,132854.81267941
