time,E_hw_wet_well
0.03125,129032.52653748
0.09375,131898.71898335
0.21875,133733.56102908
0.46875,134526.45965683
0.96875,134513.89091809
1.96875,134025.11159693
2.46875,133766.62242109
3.46875,133402.41683267
4.46875,133181.87230911
5.46875,133046.83527794
6.46875,132961.20010981
7.46875,132904.7335756
8.46875,132866.27557968
9.46875,132839.53231702
10,132829.01055849
