time,E_hw_wet_well
0.03125,129032.59387571
0.09375,131898.87655925
0.21875,133733.81231226
0.46875,134526.7905066
0.96875,134514.27075472
1.96875,134025.49963013
2.96875,133609.0957966
3.96875,133331.52851737
4.96875,133155.17244772
5.96875,133042.0143026
6.96875,132967.25540751
7.96875,132916.29003831
8.96875,132880.65938997
9.46875,132867.29585191
10,132855.45969733
