time,E_hw_wet_well
0.03125,129032.561017
0.09375,131898.7983371
0.21875,133733.6867544
0.46875,134526.62428353
0.96875,134514.07809951
1.96875,134025.29882099
2.96875,133608.90287669
3.96875,133331.34601188
4.96875,133154.99934327
5.96875,133041.84904991
6.96875,132967.0966665
7.96875,132916.13680524
8.96875,132880.51087547
9.96875,132855.22359625
10,132854.59633206
