time,E_hw_wet_well
0.03125,129032.53755095
0.09375,131898.74400729
0.21875,133733.59955574
0.46875,134526.50730919
0.96875,134513.93895501
1.46875,134075.70589593
1.96875,133754.36376398
2.96875,133315.48529965
3.96875,133068.08637959
4.96875,132928.65518169
5.96875,132847.3849727
6.96875,132797.98139937
7.96875,132766.89040733
8.96875,132746.98635045
9.96875,132734.35540947
10,132734.07514855
