time,E_hw_wet_well
0.03125,128968.47725496
0.09375,131777.92811527
0.21875,133576.927856
0.46875,134354.41376375
0.96875,134342.86508728
1.96875,133871.36113948
2.96875,133474.72855356
3.96875,133212.37086629
4.96875,133045.59124002
5.96875,132938.21167198
6.96875,132867.23449046
7.96875,132818.97873302
8.96875,132785.37676557
9.96875,132761.63843886
10,132761.0520697
