time,E_hw_wet_well
0.03125,129032.51469618
0.09375,131898.69131083
0.21875,133733.51589077
0.46875,134526.39699666
0.96875,134513.81140029
1.96875,134025.01306754
2.46875,133766.51760462
3.46875,133402.29967305
4.46875,133181.74218465
5.46875,133046.69155082
6.46875,132961.04226975
7.46875,132904.56125595
8.46875,132866.08850442
9.46875,132839.33029829
10,132828.8005459
