time,E_hw_wet_well
0.03125,129032.52363075
0.09375,131898.71442142
0.21875,133733.55238208
0.46875,134526.44108633
0.96875,134513.85293882
1.96875,134025.03486783
2.46875,133766.52631653
3.46875,133402.28195909
4.46875,133181.69863531
5.46875,133046.62280944
6.46875,132960.94885204
7.46875,132904.44354039
8.46875,132865.94677307
9.46875,132839.16475243
10,132828.62240925
