time,E_hw_wet_well
0.03125,129049.42753815
0.09375,131930.61120175
0.21875,133774.94340653
0.46875,134571.94286402
0.96875,134558.95608485
1.96875,134064.10666219
2.46875,133801.4035834
3.46875,133430.20500621
4.46875,133205.35422635
5.46875,133067.84354386
6.46875,132980.64669092
6.96875,132950.42715835
7.96875,132904.53487107
8.96875,132872.07159154
9.96875,132849.02157759
10,132848.44986601
