time,E_hw_wet_well
0.03125,129049.3964881
0.09375,131930.53689459
0.21875,133774.82319269
0.46875,134571.78126569
0.96875,134558.76269524
1.96875,134063.89142843
2.96875,133640.25777695
3.96875,133357.14361256
4.96875,133177.35563514
5.96875,133062.1430659
6.96875,132986.02636095
7.96875,132934.07268133
8.96875,132897.69036527
9.96875,132871.81299106
10,132871.16991652
