time,E_hw_wet_well
0.03125,129049.37653873
0.09375,131930.4926544
0.21875,133774.75392143
0.46875,134571.69016273
0.96875,134558.65687581
1.96875,134063.77949663
2.96875,133640.14805229
3.96875,133357.03739443
4.96875,133177.25239176
5.96875,133062.04195656
6.96875,132985.92666839
7.96875,132933.97385454
8.96875,132897.59199592
9.96875,132871.71478044
10,132871.07170527
