time,E_hw_wet_well
0.03125,129055.22677861
0.09375,131941.52655678
0.21875,133789.06459689
0.46875,134587.41327469
0.96875,134574.22850547
1.96875,134077.23678314
2.46875,133813.07465513
3.46875,133439.47690038
4.46875,133213.16290688
5.46875,133074.81665755
6.46875,132987.09374081
7.46875,132929.15077778
8.46875,132889.59259502
9.46875,132862.00760571
10,132851.1214476
