time,E_hw_wet_well
0.03125,128985.15667272
0.09375,131809.36721511
0.21875,133617.67031568
0.46875,134399.1361991
0.96875,134387.19379061
1.96875,133909.97963732
2.46875,133658.97446934
3.46875,133306.88138493
4.46875,133093.85456402
5.46875,132963.18641583
6.46875,132880.27871937
7.46875,132825.69228973
8.46875,132788.5977765
9.46875,132762.86703596
10,132752.77085228
