time,E_hw_wet_well
0.03125,129055.23085434
0.09375,131941.53547858
0.21875,133789.07718324
0.46875,134587.42588061
0.96875,134574.23359722
1.96875,134077.22068329
2.96875,133651.06384521
3.96875,133366.0251648
4.96875,133185.04839524
5.96875,133069.12089898
6.96875,132992.52831581
7.96875,132940.22626074
8.96875,132903.57753522
9.96875,132877.49108603
10,132876.8423836
