time,E_hw_wet_well
0.03125,129055.21258961
0.09375,131941.4933599
0.21875,133789.01018023
0.46875,134587.33733387
0.96875,134574.13105509
1.96875,134077.11382146
2.46875,133812.94278081
3.46875,133439.32748148
4.46875,133212.995226
5.46875,133074.62994162
6.46875,132986.88743424
7.46875,132928.92440047
8.46875,132889.34581507
9.46875,132861.74018472
10,132850.84298089
