time,E_hw_wet_well
0.03125,129071.80586469
0.09375,131972.81391365
0.21875,133829.66695805
0.46875,134632.04416257
0.96875,134618.42003874
1.96875,134115.34416262
2.96875,133682.0547108
3.96875,133391.61530103
4.96875,133207.32629942
5.96875,133089.41858049
6.96875,133011.51692643
7.96875,132958.26616633
8.96875,132920.90128382
9.96875,132894.26123205
10,132893.5977987
