time,E_hw_wet_well
0.03125,129071.73435675
0.09375,131972.6488268
0.21875,133829.4038823
0.46875,134631.69540202
0.96875,134618.01356553
1.96875,134114.9146746
2.96875,133681.63546762
3.96875,133391.21169612
4.96875,133206.93635632
5.96875,133089.03913576
6.96875,133011.14521815
7.96875,132957.90002246
8.96875,132920.53907986
9.96875,132893.90176794
10,132893.2384015
