time,E_hw_wet_well
0.03125,129071.80320177
0.09375,131972.81041122
0.21875,133829.66113445
0.46875,134632.03238663
0.96875,134618.39597585
1.96875,134115.29510129
2.46875,133846.94007075
3.46875,133466.47626743
4.46875,133235.97359825
5.46875,133095.21238813
6.46875,133005.94759135
7.46875,132946.90374978
8.46875,132906.51829718
9.46875,132878.29363795
10,132867.12758769
