time,E_hw_wet_well
0.03125,129075.30765496
0.09375,131979.40648548
0.21875,133838.19293477
0.46875,134641.37856296
0.96875,134627.62017965
1.96875,134123.21315102
2.96875,133688.39221387
3.96875,133396.80368455
4.96875,133211.81239502
5.96875,133093.48338532
6.46875,133052.36291127
7.46875,132989.90654815
8.46875,132945.5643627
9.46875,132913.75643971
10,132900.89966723
