time,E_hw_wet_well
0.03125,128988.21805121
0.09375,131815.14328863
0.21875,133625.16537046
0.46875,134407.37464577
0.96875,134394.99391999
1.96875,133912.79016839
2.96875,133501.96563607
3.96875,133228.09020804
4.96875,133054.05017414
5.96875,132942.34860935
6.96875,132868.52376025
7.96875,132818.16844661
8.96875,132782.93883299
9.96875,132757.90740173
10,132757.28591904
