time,E_hw_wet_well
0.03125,129034.59796927
0.09375,131902.617991
0.21875,133738.60458076
0.46875,134531.98340859
0.96875,134519.38755955
1.96875,134030.28575587
2.96875,133613.64031436
3.96875,133335.92717361
4.96875,133159.48748988
5.96875,133046.28217776
6.96875,132971.49721684
7.96875,132920.51836474
8.96875,132884.8820395
9.96875,132859.59006848
10,132858.9627433
