time,E_hw_wet_well
0.03125,129040.75515993
0.09375,131914.24250284
0.21875,133753.69700445
0.46875,134548.58422549
0.96875,134535.98680624
1.96875,134045.99840053
2.96875,133628.59895922
3.96875,133350.39266813
4.96875,133173.65074861
5.96875,133060.26270553
6.96875,132985.36776891
7.96875,132934.32408854
8.96875,132898.65210387
9.96875,132873.34416761
10,132872.71665889
