time,E_hw_wet_well
0.03125,129040.77336088
0.09375,131914.28436853
0.21875,133753.76335588
0.46875,134548.67110745
0.96875,134536.08536781
1.96875,134046.09637643
2.21875,133870.52069824
2.71875,133611.59316482
3.71875,133285.72237657
4.21875,133188.736222
5.21875,133055.58179991
6.21875,132970.63116502
7.21875,132914.56696954
8.21875,132876.46253261
9.21875,132850.06847574
10,132835.31906477
