time,E_hw_wet_well
0.03125,129040.79932579
0.09375,131914.34112237
0.21875,133753.85206752
0.46875,134548.78713824
0.96875,134536.21716691
1.96875,134046.2280839
2.96875,133628.80795656
3.96875,133350.57779994
4.96875,133173.81323254
5.96875,133060.40446119
6.96875,132985.49046664
7.96875,132934.42902958
8.96875,132898.74023954
9.96875,132873.41621696
10,132872.78821511
