time,E_hw_wet_well
0.03125,129040.73619442
0.09375,131914.19755378
0.21875,133753.62497314
0.46875,134548.48746757
0.96875,134535.8699246
1.96875,134045.86462626
2.96875,133628.45662299
3.96875,133350.24302624
4.96875,133173.49321162
5.46875,133113.4398471
6.46875,133024.61155655
7.46875,132963.44544805
8.46875,132920.57139926
8.96875,132904.4662566
9.96875,132879.14521698
10,132878.49954093
