time,E_hw_wet_well
0.03125,129040.70226107
0.09375,131914.11974923
0.21875,133753.50010718
0.46875,134548.3204263
0.96875,134535.67308729
1.96875,134045.65316827
2.96875,133628.24680632
3.96875,133350.03750612
4.96875,133173.29105077
5.96875,133059.89609591
6.96875,132984.99219481
7.96875,132933.93799331
8.96875,132898.25429922
9.96875,132872.93376767
10,132872.30585255
