time,E_hw_wet_well
0.03125,129040.79999181
0.09375,131914.3413681
0.21875,133753.8502311
0.46875,134548.78071193
0.96875,134536.20199422
1.96875,134046.19605891
2.96875,133628.75942446
3.96875,133350.5128762
4.96875,133173.73195747
5.96875,133060.3068533
6.96875,132985.37652736
7.96875,132934.29876095
8.96875,132898.59365352
9.96875,132873.25332176
10,132872.62481222
