time,E_hw_wet_well
0.03125,129040.76951142
0.09375,131914.27199467
0.21875,133753.74090266
0.46875,134548.63726357
0.96875,134536.03663415
1.46875,134096.70583642
2.46875,133488.37153755
3.46875,133155.57510227
4.46875,132975.90351724
5.46875,132875.76651859
6.46875,132817.27507524
7.46875,132781.60279506
8.46875,132759.26432584
9.46875,132745.27512834
10,132740.42377224
