time,E_hw_wet_well
0.03125,129063.53189936
0.09375,131957.20123953
0.21875,133809.4091808
0.46875,134609.7823304
0.96875,134596.57296918
1.96875,134098.31908892
2.46875,133833.48913775
3.46875,133458.97662137
4.46875,133232.13316945
5.46875,133093.47500286
6.46875,133005.56322032
7.46875,132947.50523534
8.46875,132907.87821817
9.46875,132880.25435016
10,132869.35691908
