time,E_hw_wet_well
0.03125,129063.56470788
0.09375,131957.27472269
0.21875,133809.52354708
0.46875,134609.92927799
0.96875,134596.73450002
1.96875,134098.46886068
2.96875,133671.24456228
3.96875,133385.51706313
4.96875,133204.11977463
5.96875,133087.93230283
6.96875,133011.17658623
7.96875,132958.77256876
8.96875,132922.06175986
9.96875,132895.94008998
10,132895.29071133
