time,E_hw_wet_well
0.03125,129063.50084942
0.09375,131957.12615478
0.21875,133809.28637639
0.46875,134609.61457511
0.96875,134596.36675084
1.96875,134098.07791265
2.46875,133833.23962247
3.46875,133458.71119583
4.46875,133231.85014383
5.46875,133093.17254832
6.46875,133005.23987684
7.46875,132947.15994125
8.46875,132907.51020406
9.46875,132879.86305244
10,132868.95306799
