time,E_hw_wet_well
0.03125,129007.88766855
0.09375,131852.25381208
0.21875,133673.31012841
0.46875,134460.28370333
0.96875,134447.83720257
1.96875,133962.7285676
2.96875,133549.44321024
3.46875,133394.73799446
4.46875,133175.72507053
5.46875,133036.24491548
6.46875,132945.4458084
7.46875,132884.44808906
8.46875,132842.27225856
9.46875,132812.50823863
10,132800.62302402
