time,E_hw_wet_well
0.03125,129045.13251
0.09375,131922.48788371
0.21875,133764.37511372
0.46875,134560.29412627
0.96875,134547.65066097
1.96875,134056.97926067
2.96875,133639.00663459
3.96875,133360.41621602
4.96875,133183.42586966
5.46875,133123.29024275
6.46875,133034.33931371
7.46875,132973.08759488
7.96875,132950.42690873
8.96875,132915.01451436
9.46875,132901.39211714
10,132889.22360999
