time,E_hw_wet_well
0.03125,129067.97616261
0.09375,131965.5909398
0.21875,133820.30118654
0.46875,134621.75908011
0.96875,134608.53032845
1.96875,134109.57924255
2.96875,133681.78611459
3.96875,133395.69480208
4.96875,133214.07585221
5.96875,133097.75073662
6.96875,133020.90761119
7.96875,132968.44773493
8.96875,132931.70151758
9.46875,132917.89320202
10,132905.64562576
