time,E_hw_wet_well
0.03125,128961.44577832
0.09375,131764.73183444
0.21875,133559.86802506
0.46875,134335.71848264
0.96875,134325.08704607
1.96875,133863.97644856
2.96875,133482.411522
3.96875,133232.638479
4.96875,133073.81332952
5.96875,132971.13800659
6.96875,132903.26443056
7.96875,132857.32552046
8.96875,132825.54808968
9.96875,132803.28277676
10,132802.73687444
