time,E_hw_wet_well
0.03125,128971.43735031
0.09375,131783.54261578
0.21875,133584.22272852
0.46875,134362.42979003
0.96875,134351.56313677
1.96875,133887.11358853
2.96875,133501.37360266
3.96875,133248.22152073
4.96875,133087.23155459
5.96875,132983.25749652
6.96875,132914.53717068
7.96875,132867.98355778
8.96875,132835.73592312
9.96875,132813.10224503
10,132812.54643877
