time,E_hw_wet_well
0.03125,128982.42553504
0.09375,131804.26905232
0.21875,133611.11768828
0.46875,134392.0002056
0.96875,134380.94429987
1.96875,133912.8565945
2.96875,133522.54856193
3.96875,133265.72173463
4.96875,133102.39371643
5.96875,132997.02518536
6.96875,132927.40157345
7.96875,132880.19862599
8.46875,132862.92880514
9.46875,132836.11995985
10,132825.31089372
