time,E_hw_wet_well
0.03125,128994.62660403
0.09375,131827.26698991
0.21875,133640.93084929
0.46875,134424.74069351
0.96875,134413.41765389
1.96875,133941.18677794
2.46875,133694.70739662
3.46875,133351.13065492
4.46875,133143.52127487
5.46875,133015.89814107
6.46875,132934.92021839
7.46875,132881.77015962
8.46875,132845.81528635
9.46875,132821.01151711
10,132811.33850377
