time,E_hw_wet_well
0.03125,128994.62668249
0.09375,131827.26728305
0.21875,133640.9309775
0.46875,134424.74014919
0.96875,134413.4158662
1.96875,133941.18269172
2.96875,133545.7379261
3.96875,133284.80768137
4.96875,133118.87319515
5.96875,133011.9401304
6.96875,132941.29104496
7.96875,132893.34201965
8.96875,132860.03358025
9.96875,132836.57481278
10,132835.99695633
