time,E_hw_wet_well
0.03125,128994.65211454
0.09375,131827.32394704
0.21875,133641.01881427
0.46875,134424.85271283
0.96875,134413.53948065
1.96875,133941.29732584
2.96875,133545.83249458
3.96875,133284.88054394
4.96875,133118.9251617
5.96875,133011.97233669
6.96875,132941.30444702
7.96875,132893.33734679
8.96875,132860.0113749
9.96875,132836.53548362
10,132835.95709567
