time,E_hw_wet_well
0.03125,128994.59293094
0.09375,131827.1916376
0.21875,133640.81075319
0.46875,134424.5790423
0.96875,134413.2234426
1.96875,133940.96871586
2.96875,133545.51711457
3.96875,133284.58235938
4.96875,133118.6423411
5.96875,133011.70228002
6.96875,132941.04495658
7.96875,132893.08675671
8.96875,132859.76844633
9.96875,132836.29929011
10,132835.72109691
