time,E_hw_wet_well
0.03125,129007.86862696
0.09375,131852.20940126
0.21875,133673.23919664
0.46875,134460.18876393
0.96875,134447.72315225
1.96875,133962.59966897
2.96875,133549.30777078
3.96875,133273.80430216
4.96875,133098.74551824
5.96875,132986.40500049
6.96875,132912.17175849
7.96875,132861.55084305
8.96875,132826.14764895
9.96875,132801.00466987
10,132800.38067993
