time,E_hw_wet_well
0.03125,129004.99340967
0.09375,131846.81934141
0.21875,133666.29063802
0.46875,134452.60305594
0.96875,134441.05436106
1.96875,133965.26557303
2.96875,133565.43888845
3.96875,133301.03175226
4.96875,133132.89850569
5.96875,133024.64547409
6.96875,132953.1291274
7.96875,132904.54861605
8.96875,132870.75751972
9.96875,132846.92081502
10,132846.33280172
