time,E_hw_wet_well
0.03125,129004.93130224
0.09375,131846.67413817
0.21875,133666.05855142
0.46875,134452.29583276
0.96875,134440.69824343
1.96875,133964.89448842
2.96875,133565.08259118
3.96875,133300.69483921
4.96875,133132.57903038
5.96875,133024.34051746
6.96875,132952.83621012
7.96875,132904.26583478
8.96875,132870.4834628
9.96875,132846.65442311
10,132846.06663177
