time,E_hw_wet_well
0.03125,129008.57724376
0.09375,131853.54873561
0.21875,133674.97361791
0.46875,134462.09106495
0.96875,134450.41719891
1.96875,133973.36788009
2.96875,133572.0266365
3.96875,133306.43485041
4.96875,133137.56626468
5.96875,133028.88268594
6.96875,132957.09131647
7.96875,132908.31635898
8.96875,132874.38155996
9.96875,132850.43677412
10,132849.84594782
