time,E_hw_wet_well
0.03125,129008.66116863
0.09375,131853.74264389
0.21875,133675.2815873
0.46875,134462.49657313
0.96875,134450.8839177
1.96875,133973.84802083
2.96875,133572.48110982
3.96875,133306.85765218
4.96875,133137.96001165
5.96875,133029.25124202
6.96875,132957.43798
7.96875,132908.64364014
8.46875,132890.74194988
9.46875,132862.87959069
10,132851.60614905
