time,E_hw_wet_well
0.03125,129008.63382387
0.09375,131853.67904616
0.21875,133675.18033208
0.46875,134462.36290133
0.96875,134450.7292262
1.96875,133973.68695801
2.96875,133572.32646712
3.96875,133306.71139561
4.96875,133137.82128062
5.96875,133029.11877123
6.96875,132957.31068178
7.46875,132931.61953232
8.46875,132892.08729077
9.46875,132863.79663188
10,132852.42974829
