time,E_hw_wet_well
0.03125,129008.55499161
0.09375,131853.50008901
0.21875,133674.89688659
0.46875,134461.98869413
0.96875,134450.29615085
1.96875,133973.23603041
2.96875,133571.89354875
3.96875,133306.30202702
4.96875,133137.4330935
5.96875,133028.74824227
6.96875,132956.95480288
7.96875,132908.17716633
8.96875,132874.23924681
9.46875,132861.5726655
10,132850.39515537
