time,E_hw_wet_well
0.03125,129008.62653428
0.09375,131853.66302945
0.21875,133675.15531401
0.46875,134462.32989526
0.96875,134450.69043074
1.96875,133973.64472805
2.96875,133572.28368834
3.96875,133306.6684913
4.96875,133137.77804117
5.96875,133029.07490021
6.96875,132957.26593287
7.96875,132908.47487279
8.96875,132874.52510021
9.96875,132850.56617725
10,132849.97492142
