time,E_hw_wet_well
0.03125,129008.57695965
0.09375,131853.54814148
0.21875,133674.97212479
0.46875,134462.08750381
0.96875,134450.40952515
1.96875,133973.35202915
2.96875,133572.00263694
3.96875,133306.40272696
4.96875,133137.52603279
5.96875,133028.83435718
6.96875,132957.03489346
7.96875,132908.25184509
8.96875,132874.3089731
9.96875,132850.35611372
10,132849.76503397
