time,E_hw_wet_well
0.03125,129007.85172133
0.09375,131852.16832886
0.21875,133673.17244552
0.46875,134460.09947408
0.96875,134447.61838251
1.96875,133962.48820439
2.96875,133549.19837722
3.96875,133273.69839915
4.96875,133098.64257648
5.96875,132986.30418891
6.96875,132912.07236188
7.96875,132861.45232671
8.96875,132826.0495759
9.96875,132800.90673966
10,132800.28275023
