time,E_hw_wet_well
0.03125,129008.60823917
0.09375,131853.62067557
0.21875,133675.08726628
0.46875,134462.23855087
0.96875,134450.58181708
1.96875,133973.5256226
2.96875,133572.16273469
3.96875,133306.54704602
4.96875,133137.65555609
5.96875,133028.9505421
6.96875,132957.13898618
7.96875,132908.34480647
8.96875,132874.39150238
9.96875,132850.4287413
10,132849.83736052
