time,E_hw_wet_well
0.03125,129008.64006027
0.09375,131853.69315148
0.21875,133675.20199474
0.46875,134462.38927304
0.96875,134450.75395038
1.96875,133973.69924547
2.96875,133572.32295609
3.96875,133306.69154995
4.96875,133137.78530462
5.96875,133029.0669846
6.96875,132957.24336578
7.96875,132908.4380613
8.96875,132874.47434527
9.96875,132850.5017083
10,132849.91002839
