time,E_hw_wet_well
0.03125,129008.62622655
0.09375,131853.66058598
0.21875,133675.15056691
0.46875,134462.32093546
0.96875,134450.6731546
1.96875,133973.61061457
2.96875,133572.23257349
3.96875,133306.6002781
4.96875,133137.69270876
5.96875,133028.97244147
6.96875,132957.14634872
7.96875,132908.33817009
8.96875,132874.37128198
9.96875,132850.39525051
10,132849.8034617
