time,E_hw_wet_well
0.03125,129007.89466975
0.09375,131852.26675667
0.21875,133673.32916372
0.46875,134460.30568351
0.71875,134089.0244324
1.21875,133502.48088732
1.71875,133231.79416022
2.71875,132900.66242896
3.71875,132734.42132856
4.71875,132651.2765288
5.71875,132608.91668096
6.71875,132587.13340833
7.71875,132576.36127558
8.71875,132571.94156276
9.71875,132571.48153995
10,132571.95056807
