time,E_hw_wet_well
0.03125,129008.60686551
0.09375,131853.61745999
0.21875,133675.08116382
0.46875,134462.22690591
0.96875,134450.55886866
1.96875,133973.47960235
2.96875,133572.09341072
3.96875,133306.45435159
4.96875,133137.53949058
5.96875,133028.81111715
6.96875,132956.976213
7.96875,132908.15867961
8.96875,132874.18203653
9.96875,132850.19594946
10,132849.60383554
