time,E_hw_wet_well
0.03125,129017.3117571
0.09375,131870.02590565
0.21875,133696.3496662
0.46875,134485.58106936
0.96875,134473.70992586
1.96875,133993.61882616
2.46875,133741.60345619
3.46875,133388.58962307
4.46875,133175.0313591
5.46875,133043.98043949
6.46875,132960.85845768
7.46875,132906.19574067
8.46875,132869.10922167
9.46875,132843.43659498
10,132833.38667321
