time,E_hw_wet_well
0.03125,129025.5202703
0.09375,131885.50421593
0.21875,133716.42018073
0.46875,134507.62883533
0.96875,134495.57037717
1.96875,134012.62434855
2.96875,133604.09827164
3.96875,133332.87499235
4.96875,133160.47966398
5.96875,133049.688826
6.96875,132976.51657818
7.96875,132926.74154025
8.96875,132892.04843095
9.96875,132867.51518073
10,132866.90865017
