time,E_hw_wet_well
0.03125,129025.57018943
0.09375,131885.6186356
0.21875,133716.60183052
0.46875,134507.86782398
0.96875,134495.84398923
1.96875,134012.90184106
2.96875,133604.356104
3.96875,133333.10948121
4.96875,133160.6922996
5.96875,133049.88187534
6.96875,132976.69198924
7.96875,132926.90083094
8.96875,132892.19272758
9.96875,132867.64533191
10,132867.03837324
