time,E_hw_wet_well
0.03125,129025.57978792
0.09375,131885.64321243
0.21875,133716.64062027
0.46875,134507.91575445
0.96875,134495.89139612
1.96875,134012.93286828
2.96875,133604.36526513
3.96875,133333.09594751
4.96875,133160.65644968
5.96875,133049.82426415
6.96875,132976.61308569
7.96875,132926.80100059
8.96875,132892.07223595
9.96875,132867.50438232
10,132866.89679012
