time,E_hw_wet_well
0.03125,129025.57249087
0.09375,131885.62350597
0.21875,133716.60820505
0.46875,134507.87284215
0.96875,134495.84169384
1.96875,134012.88115704
2.96875,133604.3156654
3.96875,133333.04907723
4.96875,133160.61202751
5.96875,133049.78187717
6.46875,133011.21088822
7.46875,132952.85738064
8.46875,132911.68676363
9.46875,132882.36115882
10,132870.59621488
