time,E_hw_wet_well
0.03125,129025.5590967
0.09375,131885.59264648
0.21875,133716.55898656
0.46875,134507.80762153
0.71875,134134.57480593
1.21875,133545.94207396
2.21875,132942.21923693
3.21875,132699.40920061
4.21875,132605.68486787
5.21875,132571.31012619
6.21875,132560.96518727
7.21875,132560.86029631
8.21875,132565.45003923
8.46875,132567.40664771
8.96875,132571.37456927
9.46875,132575.02774168
10,132579.4426445
