time,E_hw_wet_well
0.03125,129025.54912307
0.09375,131885.56961304
0.21875,133716.52244303
0.46875,134507.7594899
0.96875,134495.71040676
1.96875,134012.74437236
2.96875,133604.18429742
3.96875,133332.92481412
4.96875,133160.49416228
5.46875,133101.79130237
6.46875,133014.93366961
7.46875,132955.21115759
8.46875,132913.44052446
9.46875,132883.80914889
10,132871.94718173
