time,E_hw_wet_well
0.03125,129025.53662045
0.09375,131885.54330868
0.21875,133716.48139158
0.46875,134507.70512918
0.96875,134495.64732063
1.96875,134012.67847625
2.96875,133604.12090474
3.96875,133332.86480365
4.96875,133160.43722258
5.96875,133049.61498025
6.96875,132976.41205031
7.96875,132926.60690817
8.96875,132891.88411736
9.96875,132867.32150815
10,132866.71406558
