time,E_hw_wet_well
0.03125,129025.56411801
0.09375,131885.60227555
0.21875,133716.57205883
0.46875,134507.82080165
0.96875,134495.77408735
1.96875,134012.79623027
2.96875,133604.21854389
3.96875,133332.94067727
4.96875,133160.49212955
5.96875,133049.65006696
6.96875,132976.42828606
7.96875,132926.60503544
8.96875,132891.864696
9.96875,132867.28496207
10,132866.67698894
