time,E_hw_wet_well
0.03125,129025.56901931
0.09375,131885.6150759
0.21875,133716.59344282
0.46875,134507.8498984
0.96875,134495.80699282
1.96875,134012.82669433
2.96875,133604.24277342
3.96875,133332.95796702
4.96875,133160.50261778
5.96875,133049.65404888
6.96875,132976.4260307
7.96875,132926.59675021
8.96875,132891.85054206
9.96875,132867.26505571
10,132866.6569049
