time,E_hw_wet_well
0.03125,129025.5507138
0.09375,131885.5729822
0.21875,133716.52660067
0.46875,134507.76164477
0.96875,134495.7048489
1.96875,134012.7203124
2.96875,133604.14059828
3.96875,133332.86131696
4.96875,133160.41095308
5.96875,133049.56653941
6.96875,132976.34196431
7.96875,132926.51558299
8.96875,132891.77186714
9.96875,132867.1885703
10,132866.58048616
