time,E_hw_wet_well
0.03125,129025.5235879
0.09375,131885.51030746
0.21875,133716.42669306
0.46875,134507.62951402
0.96875,134495.55177467
1.96875,134012.56082848
2.96875,133603.98744202
3.96875,133332.71647211
4.96875,133160.27359666
5.96875,133049.43543246
6.96875,132976.21604333
7.96875,132926.39403615
8.96875,132891.65408456
9.46875,132878.65931075
10,132867.17290905
