time,E_hw_wet_well
0.03125,129025.51707539
0.09375,131885.49817899
0.21875,133716.40795094
0.46875,134507.6032877
0.96875,134495.51789844
1.96875,134012.51761432
2.46875,133758.46920791
3.46875,133402.0199458
4.46875,133186.30582489
5.46875,133054.00406713
6.46875,132970.08788642
7.46875,132914.85685261
8.46875,132877.33929775
9.46875,132851.33020656
10,132841.13194045
