time,E_hw_wet_well
0.03125,129031.53790671
0.09375,131896.87948585
0.21875,133731.21557505
0.46875,134523.93158491
0.96875,134511.76724804
1.96875,134026.709664
2.96875,133615.60310778
3.96875,133342.35703998
4.96875,133168.6832082
5.96875,133057.11133603
6.96875,132983.41266816
7.96875,132933.24597524
8.96875,132898.24729469
9.96875,132873.4689678
10,132872.85573508
