time,E_hw_wet_well
0.03125,129031.47066897
0.09375,131896.72551941
0.21875,133730.97068328
0.46875,134523.60674509
0.71875,134149.66863276
1.21875,133559.68363509
2.21875,132953.2460724
3.21875,132708.13454851
4.21875,132612.9088951
5.21875,132577.68914223
6.21875,132566.85459722
7.21875,132566.42734932
8.21875,132570.78427776
9.21875,132577.57294256
10,132583.91660288
