time,E_hw_wet_well
0.03125,129031.44120446
0.09375,131896.65776493
0.21875,133730.86306209
0.46875,134523.46466159
0.71875,134149.52308209
1.21875,133559.53907402
1.71875,133289.10047908
2.71875,132961.19727217
3.71875,132798.23871098
4.71875,132717.32015592
5.71875,132676.40162353
6.71875,132655.64772672
7.71875,132645.67692934
8.71875,132641.91206819
9.71875,132642.00749987
10,132642.61743111
