time,E_hw_wet_well
0.03125,129007.85088715
0.09375,131852.16667793
0.21875,133673.16850649
0.46875,134460.09044295
0.96875,134447.59913563
1.96875,133962.44860287
2.96875,133549.13848528
3.96875,133273.61824404
4.96875,133098.54218772
5.96875,132986.18358272
6.96875,132911.93154329
7.96875,132861.29128624
8.96875,132825.86833695
9.96875,132800.70531002
10,132800.08068887
