time,E_hw_wet_well
0.03125,129034.36615634
0.09375,131902.19170079
0.21875,133738.06856465
0.46875,134531.41475467
0.96875,134519.13462902
1.96875,134033.03401381
2.46875,133776.81016291
3.46875,133416.7107707
4.46875,133198.73320197
5.46875,133065.137776
6.46875,132980.41528917
7.46875,132924.61999189
7.96875,132904.65180616
8.96875,132873.93527814
9.96875,132852.09489001
10,132851.55265856
