time,E_hw_wet_well
0.03125,129048.5233958
0.09375,131928.89217113
0.21875,133772.69768156
0.46875,134569.46204689
0.96875,134556.83956857
1.96875,134065.71485456
2.96875,133647.35801295
3.96875,133368.52600195
4.96875,133191.39909516
5.96875,133077.77612029
6.96875,133002.73733517
7.96875,132951.60623255
8.96875,132915.88315937
9.96875,132890.54863597
10,132889.92068253
