time,E_hw_wet_well
0.03125,129048.52220167
0.09375,131928.89116226
0.21875,133772.69632341
0.46875,134569.45912567
0.96875,134556.83336444
1.96875,134065.70193051
2.46875,133805.97547274
3.46875,133440.04511486
4.46875,133218.47918403
5.46875,133082.83903195
6.46875,132996.84229437
7.46875,132940.15677287
8.46875,132901.56781047
9.46875,132874.75084638
10,132864.20795343
