time,E_hw_wet_well
0.03125,129048.51155617
0.09375,131928.86484973
0.21875,133772.65259588
0.46875,134569.39840875
0.96875,134556.75710357
1.96875,134065.60974516
2.96875,133647.23570744
3.96875,133368.3874013
4.96875,133191.24390406
5.96875,133077.60383103
6.96875,133002.54751501
7.96875,132951.39854557
8.96875,132915.65736012
9.96875,132890.30454041
10,132889.67600704
