time,E_hw_wet_well
0.03125,129048.50828633
0.09375,131928.8556057
0.21875,133772.63919827
0.46875,134569.38143249
0.96875,134556.73643122
1.96875,134065.58364725
2.46875,133805.85017219
3.46875,133439.90588146
4.46875,133218.32517217
5.46875,133082.66941279
6.46875,132996.65642048
7.46875,132939.9541814
8.46875,132901.34816914
9.46875,132874.51391409
10,132863.96175534
