time,E_hw_wet_well
0.03125,129030.4459521
0.09375,131894.80687334
0.21875,133728.50352061
0.46875,134520.92058625
0.96875,134507.90713107
1.96875,134014.75457699
2.46875,133752.59299847
3.46875,133381.73334361
4.46875,133157.00728171
5.46875,133019.60265559
6.46875,132932.45764947
7.46875,132874.87500871
8.46875,132835.54131913
9.46875,132808.09293013
10,132797.25184336
