time,E_hw_wet_well
0.03125,129030.43149396
0.09375,131894.7748681
0.21875,133728.45346378
0.46875,134520.85494401
0.96875,134507.83147025
1.96875,134014.67590386
2.96875,133591.74462849
3.96875,133308.78436411
4.96875,133129.08603472
5.96875,133013.96329755
6.46875,132973.935405
7.46875,132913.19322988
8.46875,132870.12460156
9.46875,132839.27286087
10,132826.8206619
