time,E_hw_wet_well
0.03125,129048.45179457
0.09375,131928.72820733
0.21875,133772.43565418
0.46875,134569.11042157
0.96875,134556.41850713
1.96875,134065.24404983
2.96875,133646.86943217
3.96875,133368.02466913
4.96875,133190.8829832
5.96875,133077.242117
6.96875,133002.18274993
7.96875,132951.02900551
8.96875,132915.28178795
9.96875,132889.92194248
10,132889.29317775
