time,E_hw_wet_well
0.03125,129048.53202657
0.09375,131928.91390254
0.21875,133772.73035258
0.46875,134569.49777562
0.96875,134556.86308291
1.96875,134065.69900588
2.46875,133805.95296531
3.46875,133439.98325236
4.46875,133218.3785634
5.46875,133082.70035525
6.46875,132996.66606812
7.46875,132939.94338467
8.46875,132901.31754198
9.46875,132874.4639258
10,132863.90162848
