time,E_hw_wet_well
0.03125,129048.49647415
0.09375,131928.8300994
0.21875,133772.59648617
0.46875,134569.32101518
0.96875,134556.65854336
1.96875,134065.48602973
2.21875,133889.49580685
2.71875,133629.9613249
3.71875,133303.33035202
4.71875,133118.35047603
5.71875,133008.80573555
6.71875,132940.40635029
7.71875,132895.66183891
8.71875,132865.41875127
9.21875,132854.41583348
10,132840.85707278
