time,E_hw_wet_well
0.03125,129030.4567706
0.09375,131894.83157939
0.21875,133728.5423007
0.46875,134520.97041701
0.96875,134507.96139483
1.96875,134014.80331868
2.46875,133752.63583781
3.46875,133381.76413993
4.46875,133157.02659955
5.46875,133019.6111333
6.46875,132932.45577541
7.46875,132874.86315448
8.46875,132835.51976493
9.46875,132808.06188092
10,132797.21579034
