time,E_hw_wet_well
0.03125,129048.58382514
0.09375,131929.03043655
0.21875,133772.91359429
0.46875,134569.73786479
0.96875,134557.1379148
1.96875,134065.97926703
2.96875,133647.56019837
3.96875,133368.66153526
4.96875,133191.46979703
5.96875,133077.78478029
6.96875,133002.68635681
7.96875,132951.49746483
8.96875,132915.71799486
9.96875,132890.32812569
10,132889.69845756
