time,E_hw_wet_well
0.03125,129030.40023628
0.09375,131894.70126515
0.21875,133728.33487693
0.46875,134520.69623638
0.96875,134507.6438218
1.96875,134014.47228082
2.96875,133591.54013245
3.96875,133308.58143951
4.96875,133128.88378137
5.96875,133013.76029395
6.96875,132937.68707836
7.96875,132885.7252873
8.96875,132849.30039831
9.96875,132823.35958983
10,132822.71420706
