time,E_hw_wet_well
0.03125,129048.47651981
0.09375,131928.78664533
0.21875,133772.52777705
0.46875,134569.22854082
0.96875,134556.54698066
1.96875,134065.35937953
2.96875,133646.95950992
3.96875,133368.0876179
4.96875,133190.91958442
5.96875,133077.25357302
6.96875,133002.17010725
7.96875,132950.99304695
8.96875,132915.22307394
9.96875,132889.84095199
10,132889.2115
