time,E_hw_wet_well
0.03125,129030.39496116
0.09375,131894.69027241
0.21875,133728.31777681
0.46875,134520.67356526
0.96875,134507.61749069
1.96875,134014.44474184
2.96875,133591.51362994
3.96875,133308.55634903
4.96875,133128.85997673
5.96875,133013.73756502
6.96875,132937.66524362
7.46875,132910.34122176
8.46875,132868.06951533
9.46875,132837.58160175
10,132825.22998504
