time,E_hw_wet_well
0.03125,129048.48907326
0.09375,131928.81268424
0.21875,133772.5677196
0.46875,134569.28027239
0.96875,134556.60489848
1.96875,134065.41558359
2.96875,133647.0089211
3.96875,133368.12941721
4.96875,133190.95408984
5.96875,133077.28127111
6.96875,133002.19140787
7.96875,132951.00829456
8.96875,132915.23250863
9.96875,132889.84476414
10,132889.2151391
