time,E_hw_wet_well
0.03125,129062.60098808
0.09375,131955.43442344
0.21875,133807.10295931
0.46875,134607.23020029
0.96875,134594.19400226
1.96875,134097.90720694
2.96875,133673.44644897
3.96875,133389.93888951
4.96875,133209.90983886
5.96875,133094.53246121
6.96875,133018.31910353
7.96875,132966.32210341
8.46875,132947.15099886
9.46875,132917.17543068
10,132904.97115222
