time,E_hw_wet_well
0.03125,129065.47656387
0.09375,131960.86647849
0.21875,133814.16216331
0.46875,134615.00404253
0.96875,134601.91279005
1.96875,134104.60451384
2.96875,133678.9265837
3.96875,133394.49538883
4.96875,133213.90343426
5.96875,133098.195207
6.96875,133021.76832645
7.96875,132969.62068545
8.96875,132933.11975507
9.96875,132907.17442605
10,132906.53002694
