time,E_hw_wet_well
0.03125,129065.51762818
0.09375,131960.9647574
0.21875,133814.31983542
0.46875,134615.21217177
0.96875,134602.152747
1.96875,134104.85183627
2.96875,133679.16106683
3.96875,133394.71381828
4.96875,133214.10705087
5.96875,133098.38595936
6.96875,133021.94790714
7.96875,132969.79040389
8.96875,132933.28059093
9.96875,132907.3271068
10,132906.68246243
