time,E_hw_wet_well
0.03125,129071.32238644
0.09375,131971.87935426
0.21875,133828.42420089
0.46875,134630.64706147
0.96875,134617.37288483
1.96875,134117.90995728
2.96875,133689.71331548
3.96875,133403.37868638
4.96875,133221.62424708
5.96875,133105.22625456
6.96875,133028.34721866
7.96875,132975.87439016
8.96875,132939.12997335
9.96875,132912.99821498
10,132912.34889072
