time,E_hw_wet_well
0.03125,129071.3971066
0.09375,131972.05135083
0.21875,133828.69687359
0.46875,134631.00472098
0.96875,134617.78065435
1.96875,134118.32038979
2.46875,133852.84566812
3.46875,133477.44023716
4.46875,133250.06854504
5.46875,133111.08874609
6.46875,133022.97262359
7.46875,132964.78084136
8.46875,132925.06425647
9.46875,132897.37951251
10,132886.45874482
