time,E_hw_wet_well
0.03125,129071.34254011
0.09375,131971.92549777
0.21875,133828.49660064
0.46875,134630.74001539
0.96875,134617.47406474
1.96875,134118.0008369
2.96875,133689.78429158
3.96875,133403.42821239
4.96875,133221.65289951
5.96875,133105.23494811
6.96875,133028.33676542
7.96875,132975.84541897
8.96875,132939.08296964
9.96875,132912.93354246
10,132912.28367231
