time,E_hw_wet_well
0.03125,128988.20020487
0.09375,131815.09945532
0.21875,133625.0932848
0.46875,134407.27532973
0.96875,134394.86940441
1.96875,133912.639083
2.96875,133501.79647503
3.96875,133227.90433585
4.96875,133053.84704484
5.96875,132942.1273827
6.96875,132868.28372519
7.96875,132817.9090604
8.96875,132782.6596597
9.96875,132757.60816304
10,132756.98605037
