time,E_hw_wet_well
0.03125,129071.40651809
0.09375,131972.07285255
0.21875,133828.73055561
0.46875,134631.04777713
0.96875,134617.82705627
1.96875,134118.36098365
2.46875,133852.88058918
3.46875,133477.46360634
4.46875,133250.08085618
5.46875,133111.09055906
5.96875,133064.8324573
6.96875,132996.23793129
7.96875,132948.74027404
8.96875,132915.3790659
9.46875,132902.86571465
10,132891.81594175
