time,E_hw_wet_well
0.03125,129071.39990964
0.09375,131972.05539952
0.21875,133828.70050601
0.46875,134631.00599898
0.96875,134617.77720883
1.96875,134118.30803411
2.96875,133690.07044297
3.96875,133403.68937721
4.96875,133221.89071329
5.96875,133105.45191065
6.96875,133028.53502214
7.96875,132976.02664034
8.96875,132939.24837508
9.96875,132913.08404924
10,132912.43372734
