time,E_hw_wet_well
0.03125,129071.37329707
0.09375,131971.99947821
0.21875,133828.61500902
0.46875,134630.89527425
0.96875,134617.65051369
1.96875,134118.17692775
2.96875,133689.94465928
3.96875,133403.57040384
4.96875,133221.77785124
5.96875,133105.34414846
6.96875,133028.43149373
7.96875,132975.92667217
8.96875,132939.15147675
9.96875,132912.98986188
10,132912.33961959
