time,E_hw_wet_well
0.03125,129071.33504325
0.09375,131971.9079167
0.21875,133828.46770036
0.46875,134630.69945665
0.96875,134617.42147577
1.96875,134117.93338184
2.96875,133689.70527068
3.96875,133403.3381474
4.96875,133221.55158593
5.96875,133105.12207657
6.96875,133028.21205347
7.96875,132975.7086641
8.96875,132938.93400639
9.96875,132912.77224979
10,132912.12199223
