time,E_hw_wet_well
0.03125,129071.41490818
0.09375,131972.09204235
0.21875,133828.76054709
0.46875,134631.08593588
0.71875,134252.44773969
1.21875,133653.24665368
2.21875,133028.23293236
3.21875,132767.64083748
4.21875,132662.49025765
5.21875,132621.73848008
6.21875,132607.70538472
7.21875,132605.17853494
8.21875,132608.03078264
9.21875,132613.69531027
10,132619.35052044
