time,E_hw_wet_well
0.03125,129071.33539338
0.09375,131971.90719303
0.21875,133828.46408741
0.46875,134630.6899311
0.96875,134617.40047564
1.96875,134117.88992295
2.46875,133852.40785363
3.46875,133476.9888177
4.46875,133249.60019554
5.46875,133110.5999483
6.46875,133022.46057958
7.46875,132964.24353152
8.46875,132924.50018211
9.46875,132896.78762449
10,132885.85172722
