time,E_hw_wet_well
0.03125,129079.43958246
0.09375,131987.20285934
0.21875,133848.31892022
0.46875,134652.5262287
0.96875,134639.04309536
1.96875,134136.59318299
2.46875,133869.08609897
3.46875,133490.3707129
4.46875,133260.99905404
5.46875,133120.88126561
6.46875,133032.04955334
7.46875,132973.35520297
8.46875,132933.26806781
9.46875,132905.30320519
10,132894.26248325
