time,E_hw_wet_well
0.03125,129079.41937413
0.09375,131987.15846003
0.21875,133848.24852626
0.46875,134652.4314266
0.96875,134638.928894
1.96875,134136.46371551
2.96875,133704.75026949
3.96875,133415.75415858
4.96875,133232.36066582
5.96875,133114.97297831
6.96875,133037.43104333
7.96875,132984.47101028
8.96875,132947.35283485
9.96875,132920.92657681
10,132920.2692971
