time,E_hw_wet_well
0.03125,129079.39577941
0.09375,131987.09999863
0.21875,133848.15492297
0.46875,134652.30666184
0.96875,134638.78120581
1.96875,134136.30236192
2.46875,133868.79295555
3.46875,133490.07377472
4.46875,133260.69607379
5.46875,133120.56975294
5.96875,133073.94575563
6.96875,133004.7771037
7.96875,132956.84809105
8.96875,132923.15926412
9.96875,132899.28164463
10,132898.69024663
