time,E_hw_wet_well
0.03125,129079.43614345
0.09375,131987.20099378
0.21875,133848.31463146
0.46875,134652.51231254
0.96875,134639.00927626
1.96875,134136.51996843
2.96875,133704.77445109
3.96875,133415.7451985
4.96875,133232.31921329
5.96875,133114.8999251
6.96875,133037.32715043
7.96875,132984.33686227
8.96875,132947.18886793
9.96875,132920.73312331
10,132920.07493496
