time,E_hw_wet_well
0.03125,129088.01031419
0.09375,132003.38149728
0.21875,133869.321044
0.46875,134675.61732278
0.96875,134661.89544843
1.96875,134156.24501278
2.96875,133720.80282014
3.96875,133428.99499868
4.96875,133243.87238058
5.96875,133125.43857379
6.96875,133047.19419874
7.96875,132993.7174954
8.96875,132956.20294281
9.96875,132929.46431607
10,132928.79860483
