time,E_hw_wet_well
0.03125,129087.97723158
0.09375,132003.3063429
0.21875,133869.20208872
0.46875,134675.46017254
0.96875,134661.71284653
1.96875,134156.05280676
2.46875,133886.36409947
3.46875,133504.10257706
4.46875,133272.57804552
5.46875,133131.21573515
6.46875,133041.58381975
6.96875,133010.48449506
7.96875,132963.1854175
8.96875,132929.66075458
9.96875,132905.79675574
10,132905.20351312
