time,E_hw_wet_well
0.03125,129087.95773457
0.09375,132003.26336525
0.21875,133869.1340206
0.46875,134675.36949462
0.96875,134661.6064153
1.96875,134155.93888962
2.96875,133720.50313551
3.96875,133428.70561001
4.96875,133243.59190078
5.96875,133125.16476663
6.96875,133046.92509545
7.96875,132993.45157475
8.96875,132955.93907033
9.96875,132929.20163638
10,132928.53594653
