time,E_hw_wet_well
0.03125,129087.97791904
0.09375,132003.3065648
0.21875,133869.2011427
0.46875,134675.45716836
0.96875,134661.70596427
1.96875,134156.03848339
2.96875,133720.59422851
3.96875,133428.78678545
4.96875,133243.66364987
5.96875,133125.22788186
6.96875,133046.98029522
7.96875,132993.49942218
8.96875,132955.9799805
9.96875,132929.23592296
10,132928.5700356
