time,E_hw_wet_well
0.03125,129091.53706289
0.09375,132010.0217834
0.21875,133877.91378279
0.46875,134685.03475933
0.96875,134671.19186405
1.96875,134164.21983959
2.46875,133893.63626286
3.46875,133509.93190893
4.46875,133277.54735489
5.46875,133135.70218218
6.46875,133045.77140954
7.46875,132986.29687199
8.46875,132945.62811785
9.46875,132917.21749392
10,132905.98329245
