time,E_hw_wet_well
0.03125,129101.55094176
0.09375,132028.88667248
0.21875,133902.34326673
0.46875,134711.82362393
0.96875,134697.6251264
1.96875,134186.8287264
2.46875,133913.67646718
2.96875,133726.14703244
3.96875,133440.16313784
4.96875,133254.4625202
5.96875,133134.21072925
6.96875,133054.37322685
7.96875,132999.820906
8.96875,132961.65421854
9.46875,132947.33197051
10,132934.63840197
