time,E_hw_wet_well
0.03125,129101.64769166
0.09375,132029.10914181
0.21875,133902.69620029
0.46875,134712.28811386
0.96875,134698.15925115
1.96875,134187.37754304
2.96875,133746.0055798
3.96875,133449.77113654
4.96875,133261.95051339
5.96875,133141.89599106
6.96875,133062.57059787
7.46875,133034.04556157
8.46875,132989.85244474
9.46875,132957.91598143
10,132944.9506475
