time,E_hw_wet_well
0.03125,129010.64083852
0.09375,131857.44600818
0.21875,133680.03768191
0.46875,134467.66222054
0.96875,134454.73962531
1.96875,133964.62535711
2.46875,133704.06381191
3.46875,133335.39919745
4.46875,133111.94726858
5.46875,132975.29797369
5.96875,132929.80144406
6.96875,132862.30222346
7.96875,132815.51595841
8.96875,132782.60991649
9.96875,132759.26645152
10,132758.68781809
