time,E_hw_wet_well
0.03125,129101.55820943
0.09375,132028.90697926
0.21875,133902.37670851
0.46875,134711.86682272
0.96875,134697.67198323
1.96875,134186.86986703
2.46875,133913.71189675
3.46875,133525.8611133
4.46875,133290.98286152
5.46875,133147.70373341
6.46875,133056.85386268
7.46875,132996.72232569
8.46875,132955.56021747
9.46875,132926.76800658
10,132915.36666348
