time,E_hw_wet_well
0.03125,129101.6024037
0.09375,132029.00698366
0.21875,133902.53499942
0.46875,134712.07553618
0.96875,134697.91249518
1.96875,134187.11787776
2.96875,133745.75290676
3.96875,133449.5286794
4.96875,133261.71710468
5.96875,133141.66967917
6.96875,133062.34969678
7.96875,133008.08859039
8.46875,132988.02198893
9.46875,132956.55817745
10,132943.69891417
