time,E_hw_wet_well
0.03125,129101.63368893
0.09375,132029.0806848
0.21875,133902.65261391
0.46875,134712.23041329
0.96875,134698.09054218
1.96875,134187.30053173
2.96875,133745.92516874
3.96875,133449.68809515
4.96875,133261.86452054
5.96875,133141.80649871
6.96875,133062.4772146
7.96875,133008.2077857
8.46875,132988.13733789
9.46875,132956.66628131
10,132943.8033678
