time,E_hw_wet_well
0.03125,129112.15842923
0.09375,132048.91969782
0.21875,133928.36300642
0.46875,134740.44985787
0.96875,134725.95899856
1.96875,134211.15525655
2.46875,133935.28734089
3.46875,133543.09712733
4.46875,133305.62680395
5.46875,133160.86447647
6.46875,133069.06955216
7.46875,133008.26908559
8.46875,132966.6112958
9.46875,132937.44165405
10,132925.87744145
