time,E_hw_wet_well
0.03125,129113.36789315
0.09375,132051.19223409
0.21875,133931.29881444
0.46875,134743.66295392
0.96875,134729.12557931
1.96875,134213.86191566
2.96875,133767.38726445
3.96875,133467.3891143
4.46875,133364.80299569
5.46875,133217.60900546
6.46875,133119.95497822
7.46875,133053.3446654
8.46875,133006.73049618
9.46875,132973.49232704
10,132960.09070151
