time,E_hw_wet_well
0.03125,129113.35336567
0.09375,132051.16005386
0.21875,133931.24683064
0.46875,134743.59120729
0.96875,134729.03606996
1.96875,134213.75471064
2.96875,133767.26888687
3.96875,133467.26068244
4.96875,133277.16148318
5.96875,133155.74676806
6.96875,133075.51876409
7.96875,133020.59956833
8.21875,133006.6005567
8.71875,132985.87619321
9.21875,132972.93090831
10,132954.67140112
