time,E_hw_wet_well
0.03125,129123.92558351
0.09375,132071.12877027
0.21875,133957.1899982
0.46875,134772.14230683
0.96875,134757.29282905
1.96875,134237.9825778
2.96875,133786.888394
3.96875,133483.48323925
4.96875,133291.32482396
5.96875,133168.66816485
6.96875,133087.60698759
7.96875,133032.07901503
8.96875,132993.01063116
9.96875,132965.06445417
10,132964.36647969
