time,E_hw_wet_well
0.03125,129123.9151208
0.09375,132071.09973802
0.21875,133957.14053216
0.46875,134772.07361936
0.96875,134757.20864599
1.96875,134237.88625665
2.96875,133786.78685596
3.46875,133615.9577855
4.46875,133375.0170095
5.46875,133222.72869995
6.46875,133123.74993376
7.46875,133056.99108117
8.46875,133010.5660771
9.46875,132977.58899595
10,132964.32887313
