time,E_hw_wet_well
0.03125,128976.95041978
0.09375,131793.95045712
0.21875,133597.73470539
0.46875,134377.29129226
0.96875,134366.43990034
1.96875,133901.29807751
2.96875,133514.95530691
3.96875,133261.36852664
4.96875,133100.0879852
5.96875,132995.93319907
6.46875,132959.60974307
7.46875,132904.85109958
8.46875,132866.45320626
9.46875,132839.29117164
10,132828.47393547
