time,E_hw_wet_well
0.03125,128987.92168156
0.09375,131814.62730179
0.21875,133624.53736215
0.46875,134406.72523312
0.96875,134395.64281756
1.96875,133926.81405296
2.96875,133535.8751034
3.96875,133278.59811271
4.96875,133114.96771468
5.96875,133009.40509206
6.96875,132939.6561604
7.96875,132892.36850539
8.96875,132859.57113069
9.96875,132836.51700416
10,132835.95010088
