time,E_hw_wet_well
0.03125,128987.9214408
0.09375,131814.62653124
0.21875,133624.53556639
0.46875,134406.72139321
0.96875,134395.6348864
1.96875,133926.79791274
2.96875,133535.85076983
3.96875,133278.56559334
4.96875,133114.92701801
5.96875,133009.35622792
6.96875,132939.59913147
7.96875,132892.30331637
8.96875,132859.49778853
9.96875,132836.43550507
10,132835.8683507
