time,E_hw_wet_well
0.03125,129018.6076488
0.09375,131872.45673573
0.21875,133699.48581661
0.46875,134489.00668264
0.96875,134476.47766912
1.96875,133989.74660143
2.96875,133575.10357286
3.96875,133298.709831
4.96875,133123.09375983
5.96875,133010.40301756
6.96875,132935.94503493
7.96875,132885.17697927
8.96875,132849.67658839
9.96875,132824.4700712
10,132823.84462695
