time,E_hw_wet_well
0.03125,129014.15385318
0.09375,131864.07530423
0.21875,133688.63761519
0.46875,134477.11450878
0.96875,134465.43553702
1.96875,133987.60998374
2.96875,133585.59542976
3.96875,133319.53270628
4.96875,133150.35305887
5.96875,133041.46843923
6.96875,132969.54475804
7.96875,132920.67903111
8.96875,132886.67984833
9.96875,132862.68860811
10,132862.09661253
