time,E_hw_wet_well
0.03125,129014.13617501
0.09375,131864.03346395
0.21875,133688.57105717
0.46875,134477.02643993
0.96875,134465.3335144
1.96875,133987.50374133
2.96875,133585.4934691
3.96875,133319.43631692
4.96875,133150.26167937
5.96875,133041.38123594
6.46875,133003.47066972
7.46875,132946.18165142
8.46875,132905.8386821
9.46875,132877.16447726
10,132865.6872756
