time,E_hw_wet_well
0.03125,129031.16964182
0.09375,131896.18475841
0.21875,133730.31247121
0.46875,134522.93746568
0.96875,134510.90011841
1.96875,134027.15479127
2.96875,133617.9193428
3.96875,133346.20147142
4.96875,133173.4793469
5.96875,133062.4735618
6.96875,132989.15588565
7.96875,132939.27820216
8.96875,132904.50995195
9.96875,132879.92029396
10,132879.31229656
