time,E_hw_wet_well
0.03125,129031.08358966
0.09375,131895.98609448
0.21875,133729.99577398
0.46875,134522.51745274
0.96875,134510.41026106
1.96875,134026.6366802
2.96875,133617.41297839
3.96875,133345.71309494
4.96875,133173.00638173
5.96875,133062.01211024
6.96875,132988.70258156
7.96875,132938.83049095
8.96875,132904.06592117
9.96875,132879.47850196
10,132878.87055207
