time,E_hw_wet_well
0.03125,129031.14467992
0.09375,131896.12685885
0.21875,133730.21933204
0.46875,134522.81180884
0.96875,134510.74853395
1.46875,134074.77421864
2.46875,133475.12282306
3.46875,133149.79988308
4.46875,132974.97822455
5.46875,132877.72028273
6.46875,132821.06531934
7.46875,132786.69496916
8.46875,132765.33619602
9.46875,132752.11037558
10,132747.59582175
