time,E_hw_wet_well
0.03125,129031.12630557
0.09375,131896.08450851
0.21875,133730.15193337
0.46875,134522.72271461
0.96875,134510.64526316
1.96875,134026.87556309
2.46875,133772.41612229
3.46875,133415.38380556
4.46875,133199.31906112
5.46875,133066.81379325
6.46875,132982.7814235
7.46875,132927.48511142
8.46875,132889.93337549
9.46875,132863.91045042
10,132853.71127947
