time,E_hw_wet_well
0.03125,129031.12614737
0.09375,131896.08400407
0.21875,133730.15077826
0.46875,134522.72032728
0.96875,134510.64042769
1.96875,134026.86575882
2.46875,133772.40379107
3.46875,133415.36642854
4.46875,133199.29665865
5.46875,133066.78635868
6.46875,132982.74896791
7.46875,132927.44764426
7.96875,132907.67542863
8.96875,132877.28620623
9.96875,132855.70926263
10,132855.17425351
