time,E_hw_wet_well
0.03125,129031.12641833
0.09375,131896.08380345
0.21875,133730.14903495
0.46875,134522.71523398
0.96875,134510.62892673
1.96875,134026.84172326
2.96875,133617.58455619
3.96875,133345.8481573
4.96875,133173.10625493
5.96875,133062.07876751
6.96875,132988.7377242
7.96875,132938.83540054
8.96875,132904.04156777
9.96875,132879.42561431
10,132878.81678462
