time,E_hw_wet_well
0.03125,129054.1191753
0.09375,131939.43336544
0.21875,133786.3467983
0.46875,134584.42806982
0.96875,134571.75052677
1.96875,134079.76936106
2.96875,133660.70044516
3.96875,133381.39908167
4.96875,133203.97640343
5.96875,133090.16500088
6.96875,133015.00257821
7.96875,132963.78778006
8.96875,132928.0066555
9.96875,132902.63131733
10,132902.00236193
