time,E_hw_wet_well
0.03125,129054.18272578
0.09375,131939.57888667
0.21875,133786.57832815
0.46875,134584.73243179
0.96875,134572.0985996
1.96875,134080.12176417
2.96875,133661.02727109
3.96875,133381.69558122
4.96875,133204.24441942
5.96875,133090.40741363
6.96875,133015.22187368
7.96875,132963.98588691
8.96875,132928.18501252
9.96875,132902.79100585
10,132902.16148199
