time,E_hw_wet_well
0.03125,129054.20322137
0.09375,131939.6267778
0.21875,133786.65324264
0.46875,134584.8296789
0.96875,134572.20754252
1.96875,134080.22730762
2.46875,133820.03989775
3.46875,133453.45034361
4.46875,133231.47552385
5.46875,133095.57669624
6.46875,133009.40866966
6.96875,132979.58083764
7.96875,132934.35463563
8.96875,132902.43258435
9.96875,132879.83108491
10,132879.27192774
