time,E_hw_wet_well
0.03125,129054.1503769
0.09375,131939.50478097
0.21875,133786.45874517
0.46875,134584.57170861
0.96875,134571.90661917
1.96875,134079.90886176
2.21875,133903.61979937
2.71875,133643.6445742
3.71875,133316.46235707
4.71875,133131.17540443
5.71875,133021.4540988
6.71875,132952.94960555
7.71875,132908.14120599
8.71875,132877.85960019
9.71875,132857.06932661
10,132852.67899028
