time,E_hw_wet_well
0.03125,129054.17531369
0.09375,131939.56235115
0.21875,133786.55009069
0.46875,134584.69173745
0.96875,134572.04420406
1.96875,134080.04915038
2.96875,133660.93981124
3.96875,133381.59384289
4.96875,133204.12822473
5.96875,133090.27646158
6.96875,133015.07591793
7.96875,132963.82471499
8.96875,132928.00847272
9.96875,132902.5989859
10,132901.96897801
