time,E_hw_wet_well
0.03125,129054.18005096
0.09375,131939.57527571
0.21875,133786.57171536
0.46875,134584.71924193
0.96875,134572.07212626
1.96875,134080.0682737
2.96875,133660.94655043
3.96875,133381.58759451
4.96875,133204.1091681
5.96875,133090.24490208
6.96875,133015.03212947
7.96875,132963.7689319
8.96875,132927.9408522
9.96875,132902.51964115
10,132901.88926755
