time,E_hw_wet_well
0.03125,129054.14839769
0.09375,131939.50291606
0.21875,133786.45594613
0.46875,134584.56556599
0.96875,134571.89353358
1.96875,134079.8816715
2.96875,133660.76711507
3.96875,133381.41776198
4.96875,133203.94806667
5.96875,133090.09112524
6.46875,133050.49274104
7.46875,132990.50152237
8.46875,132948.07954926
8.96875,132932.06177292
9.96875,132906.85505884
10,132906.21172943
