time,E_hw_wet_well
0.03125,129010.62287347
0.09375,131857.40175556
0.21875,133679.96697813
0.46875,134467.56792909
0.96875,134454.62760122
1.96875,133964.50133636
2.46875,133703.93886824
3.46875,133335.2726582
4.46875,133111.81812005
5.46875,132975.16515113
6.46875,132888.47882138
7.46875,132831.1791839
8.46875,132792.0185293
9.46875,132764.67182741
10,132753.86242418
