time,E_hw_wet_well
0.03125,129077.05239017
0.09375,131982.7160307
0.21875,133842.52273103
0.46875,134646.18543753
0.96875,134632.92254434
1.96875,134132.58585004
2.96875,133703.62707305
3.96875,133416.78674515
4.96875,133234.71085115
5.96875,133118.10262071
6.96875,133041.08089359
7.96875,132988.5082305
8.96875,132951.69201248
9.46875,132937.86109819
10,132925.59605317
