time,E_hw_wet_well
0.03125,129093.67611538
0.09375,132014.05394138
0.21875,133883.14190134
0.46875,134690.77631144
0.96875,134676.99669733
1.96875,134170.44162149
2.96875,133734.2609426
3.96875,133441.99340301
4.96875,133256.59799921
5.96875,133137.99792229
6.96875,133059.65039896
7.96875,133006.11053906
8.96875,132968.55883499
9.96875,132941.8004007
10,132941.13434657
