time,E_hw_wet_well
0.03125,129093.63017043
0.09375,132013.95111042
0.21875,133882.9806174
0.46875,134690.56473486
0.96875,134676.75279542
1.96875,134170.18809956
2.96875,133734.01750548
3.96875,133441.76316835
4.46875,133341.77993008
5.46875,133198.03654964
5.96875,133147.51279511
6.96875,133071.11252387
7.96875,133017.27410972
8.96875,132978.86429539
9.96875,132951.19733588
10,132950.50228846
