time,E_hw_wet_well
0.03125,129119.11180251
0.09375,132062.02301367
0.21875,133945.34364663
0.46875,134759.08838831
0.96875,134744.49779567
1.96875,134228.27116826
2.96875,133781.00112571
3.96875,133480.50691429
4.46875,133377.7613846
5.46875,133230.33587919
6.46875,133132.52398177
7.46875,133065.80543291
8.46875,133019.11613582
9.46875,132985.82475893
10,132972.40175985
