time,E_hw_wet_well
0.03125,129119.12685753
0.09375,132062.06193426
0.21875,133945.40783598
0.46875,134759.17345048
0.96875,134744.5940187
1.96875,134228.36440252
2.96875,133781.08214609
3.96875,133480.57412392
4.96875,133290.171403
5.96875,133168.56184171
6.96875,133088.20373193
7.96875,133033.19651881
8.96875,132994.53021766
9.96875,132966.90280075
10,132966.21347099
