time,E_hw_wet_well
0.03125,129056.88150765
0.09375,131944.65717905
0.21875,133793.14270826
0.46875,134591.91760232
0.96875,134579.24748772
1.96875,134086.85795876
2.96875,133667.42876919
3.96875,133387.8814773
4.96875,133210.29849401
5.96875,133096.38099668
6.96875,133021.14578295
7.96875,132969.87900197
8.96875,132934.05940064
9.96875,132908.65474611
10,132908.02501741
