time,E_hw_wet_well
0.03125,129056.84722654
0.09375,131944.58012614
0.21875,133793.02093844
0.46875,134591.75454824
0.96875,134579.05219974
1.96875,134086.63903577
2.96875,133667.20091262
3.96875,133387.64698781
4.96875,133210.05643526
5.96875,133096.12995421
6.96875,133020.88450933
7.96875,132969.60653982
8.96875,132933.77505457
9.96875,132908.35798238
10,132907.7278577
