time,E_hw_wet_well
0.03125,129056.86227791
0.09375,131944.6117141
0.21875,133793.06900384
0.46875,134591.81677763
0.96875,134579.12167726
1.96875,134086.70576001
2.96875,133667.25864697
3.46875,133510.26648248
4.46875,133288.04455895
5.46875,133146.55382743
6.46875,133054.47682717
7.46875,132992.64938239
8.46875,132949.92675078
9.46875,132919.80245717
10,132907.78485812
