time,E_hw_wet_well
0.03125,129058.5746108
0.09375,131947.84944797
0.21875,133797.28227616
0.46875,134596.46493212
0.96875,134583.78736621
1.96875,134091.14673973
2.96875,133671.50570022
3.96875,133391.81888696
4.96875,133214.14883649
5.96875,133100.17698803
6.96875,133024.9072569
7.96875,132973.61823876
8.96875,132937.78431928
9.96875,132912.37069288
10,132911.74076787
