time,E_hw_wet_well
0.03125,129058.59083337
0.09375,131947.88842952
0.21875,133797.34560695
0.46875,134596.54881948
0.96875,134583.88222923
1.96875,134091.23856139
2.96875,133671.58534056
3.96875,133391.88480061
4.96875,133214.20151865
5.96875,133100.21724587
6.96875,133024.93580696
7.96875,132973.63566345
8.96875,132937.79102072
9.96875,132912.36697414
10,132911.73672383
