time,E_hw_wet_well
0.03125,128979.78380868
0.09375,131799.24735974
0.21875,133604.56543006
0.46875,134384.76170044
0.96875,134373.17175009
1.96875,133900.09785144
2.96875,133502.13491965
3.96875,133238.86313979
4.96875,133071.49157674
5.96875,132963.74105236
6.96875,132892.5310067
7.96875,132844.12553228
8.96875,132810.42631874
9.96875,132786.62630681
10,132786.03856784
