time,E_hw_wet_well
0.03125,129081.47605324
0.09375,131991.04238996
0.21875,133853.29803549
0.46875,134657.99499925
0.71875,134278.18863047
1.21875,133677.13955715
2.21875,133050.20076985
3.21875,132788.84812325
4.21875,132683.43593905
5.21875,132642.61596052
6.21875,132628.58798532
7.21875,132626.09695234
8.21875,132628.9994541
9.21875,132634.72147146
10,132640.42456007
