time,E_hw_wet_well
0.03125,128944.53816515
0.09375,131732.77001965
0.21875,133518.35497174
0.46875,134290.05709472
0.96875,134278.79818611
1.96875,133813.28630474
2.46875,133570.33904071
3.46875,133231.95076502
4.46875,133027.65238544
5.46875,132902.04200939
6.46875,132822.27246308
7.46875,132769.87007777
8.46875,132734.38842349
9.46875,132709.87801204
10,132700.30343844
