time,E_hw_wet_well
0.03125,128992.69041902
0.09375,131823.62968397
0.21875,133636.20853006
0.46875,134419.5370542
0.96875,134408.65971093
1.96875,133941.49850484
2.96875,133553.42880464
3.96875,133298.60321966
4.96875,133136.49626823
5.96875,133031.82701253
6.96875,132962.68211743
7.96875,132915.86316483
8.96875,132883.44897847
9.96875,132860.71612463
10,132860.15828349
