time,E_hw_wet_well
0.03125,128992.70358631
0.09375,131823.65936785
0.21875,133636.25437106
0.46875,134419.59448821
0.96875,134408.71910108
1.96875,133941.54449886
2.96875,133553.45520205
3.96875,133298.60910907
4.46875,133211.56805535
5.46875,133084.97074913
6.46875,133000.54545708
7.46875,132943.41246235
8.46875,132903.95156607
9.46875,132876.24937411
10,132865.26530252
