time,E_hw_wet_well
0.03125,129003.74855344
0.09375,131844.48380504
0.21875,133663.26363433
0.46875,134449.27645632
0.96875,134438.18992797
1.96875,133967.3077902
2.96875,133574.60419193
3.96875,133316.07758311
4.96875,133151.62456916
5.96875,133045.5529587
6.96875,132975.49428076
7.96875,132928.01494272
8.96875,132895.09968316
9.96875,132871.9779446
10,132871.40972568
