time,E_hw_wet_well
0.03125,129003.77883862
0.09375,131844.55471345
0.21875,133663.37725596
0.46875,134449.42675725
0.96875,134438.36263254
1.96875,133967.48341065
2.96875,133574.76759413
3.96875,133316.22641408
4.96875,133151.75980466
5.96875,133045.67605672
6.96875,132975.6064858
7.96875,132928.11719952
8.96875,132895.19270334
9.96875,132872.06224954
10,132871.49376081
