time,E_hw_wet_well
0.03125,129003.76109706
0.09375,131844.51338983
0.21875,133663.30964833
0.46875,134449.33371774
0.96875,134438.24800397
1.96875,133967.34981353
2.96875,133574.6238359
3.96875,133316.07392193
4.96875,133151.59806661
5.96875,133045.50427004
6.96875,132975.42395349
7.96875,132927.92338924
8.96875,132894.98720264
9.96875,132871.84478239
10,132871.27592009
