time,E_hw_wet_well
0.03125,129003.74713611
0.09375,131844.48135144
0.21875,133663.25785152
0.46875,134449.26303255
0.96875,134438.16124777
1.96875,133967.24867901
2.96875,133574.51472117
3.96875,133315.95782156
4.96875,133151.4745837
5.96875,133045.37279754
6.96875,132975.28396818
7.96875,132927.77449057
8.96875,132894.82910504
9.96875,132871.6772561
10,132871.10810216
