time,E_hw_wet_well
0.03125,129015.30268926
0.09375,131866.27645207
0.21875,133691.5359455
0.46875,134480.34792207
0.96875,134469.01765054
1.96875,133994.17001278
2.96875,133596.5714434
3.96875,133334.15695648
4.96875,133167.23993718
5.96875,133059.6837329
6.96875,132988.64516146
7.96875,132940.44878197
8.96875,132906.98240252
9.96875,132883.42628761
10,132882.8463411
