time,E_hw_wet_well
0.03125,129015.27123016
0.09375,131866.20324203
0.21875,133691.41834888
0.46875,134480.19055962
0.96875,134468.83158906
1.96875,133993.96815334
2.96875,133596.36874909
3.96875,133333.95568006
4.96875,133167.03915189
5.96875,133059.482002
6.96875,132988.44124869
7.96875,132940.24174657
8.96875,132906.77154656
9.96875,132883.2110865
10,132882.63099714
