time,E_hw_wet_well
0.03125,129015.99977827
0.09375,131867.56294238
0.21875,133693.16180757
0.46875,134482.08561717
0.96875,134470.69865945
1.96875,133995.59327133
2.96875,133597.70738426
3.96875,133335.07773611
4.96875,133168.03750022
5.96875,133060.41927091
6.96875,132989.34911219
7.96875,132941.13642129
8.96875,132907.66316097
9.96875,132884.10673992
10,132883.52689092
