time,E_hw_wet_well
0.03125,129016.04409727
0.09375,131867.66586216
0.21875,133693.32453134
0.46875,134482.29708711
0.96875,134470.93528345
1.96875,133995.82121629
2.96875,133597.90549469
3.96875,133335.24280595
4.96875,133168.17098956
5.96875,133060.52329558
6.96875,132989.42546801
7.96875,132941.18647119
8.96875,132907.68792904
9.46875,132895.21031963
10,132884.21650849
