time,E_hw_wet_well
0.03125,129016.0743083
0.09375,131867.73383036
0.21875,133693.43101629
0.46875,134482.43561556
0.96875,134471.09170224
1.96875,133995.9759601
2.96875,133598.04516707
3.96875,133335.36542872
4.96875,133168.27748891
5.96875,133060.61501249
6.96875,132989.50353407
7.96875,132941.25175189
8.96875,132907.74107055
9.46875,132895.25759689
10,132884.25767448
