time,E_hw_wet_well
0.03125,129015.98771504
0.09375,131867.53435515
0.21875,133693.11400055
0.46875,134482.01647491
0.96875,134470.60446082
1.96875,133995.46328335
2.96875,133597.54669157
3.96875,133334.88713329
4.96875,133167.81666845
5.96875,133060.16774133
6.96875,132989.06646842
7.96875,132940.82234957
8.96875,132907.31743399
9.96875,132883.72918265
10,132883.14833695
