time,E_hw_wet_well
0.03125,129015.99761477
0.09375,131867.5592873
0.21875,133693.15398379
0.46875,134482.06830352
0.96875,134470.66224758
1.96875,133995.51853706
2.96875,133597.59430891
3.96875,133334.92637473
4.96875,133167.84790463
5.96875,133060.19148917
6.96875,132989.08317399
7.96875,132940.83234534
8.96875,132907.32097105
9.96875,132883.72645081
10,132883.14540913
