time,E_hw_wet_well
0.03125,129016.01189517
0.09375,131867.58993361
0.21875,133693.20178584
0.46875,134482.13082584
0.96875,134470.73294746
1.96875,133995.5882132
2.46875,133747.58549883
3.46875,133401.76287933
4.46875,133192.71428981
5.46875,133064.2078204
6.46875,132982.68807727
7.46875,132929.19109323
8.46875,132893.00560357
9.46875,132868.04751275
10,132858.31685607
