time,E_hw_wet_well
0.03125,129026.45491432
0.09375,131887.28869962
0.21875,133718.75979264
0.46875,134510.22673988
0.96875,134498.62199009
1.96875,134019.90410294
2.96875,133617.58670306
3.96875,133351.46630885
4.96875,133182.2304159
5.96875,133073.29610644
6.96875,133001.36111832
7.96875,132952.51969122
8.96875,132918.56732561
9.96875,132894.63698075
10,132894.04710856
