time,E_hw_wet_well
0.03125,128996.54160368
0.09375,131830.84118022
0.21875,133645.52186093
0.46875,134429.73583767
0.96875,134417.76088268
1.96875,133938.93078412
2.46875,133687.07578754
3.46875,133333.77125594
4.46875,133120.00312279
5.46875,132988.89054313
6.46875,132905.71477764
7.46875,132850.96295818
8.46875,132813.76553478
9.46875,132787.97272457
10,132777.85645553
