time,E_hw_wet_well
0.03125,129030.15747128
0.09375,131894.28278838
0.21875,133727.84890689
0.46875,134520.23339245
0.96875,134508.56124198
1.96875,134028.55866012
2.46875,133777.11242967
3.46875,133425.4470293
4.46875,133212.74091102
5.46875,133082.14173715
6.46875,132999.32346466
7.46875,132944.91995608
8.46875,132908.06543249
9.46875,132882.60202508
10,132872.65560645
