time,E_hw_wet_well
0.03125,129030.1878824
0.09375,131894.35047382
0.21875,133727.95552348
0.46875,134520.37370116
0.96875,134508.72248413
1.96875,134028.72392757
2.46875,133777.27139468
3.46875,133425.59285208
4.46875,133212.87518008
5.46875,133082.26613984
6.46875,132999.4393252
7.46875,132945.02823973
8.46875,132908.16682463
9.46875,132882.69704589
10,132872.74741359
