time,E_hw_wet_well
0.03125,129030.16280447
0.09375,131894.29153625
0.21875,133727.86050672
0.46875,134520.24700473
0.96875,134508.57493913
1.96875,134028.56965429
2.96875,133624.67145674
3.96875,133357.3063672
4.96875,133187.28386185
5.96875,133077.87221473
6.96875,133005.61851757
7.96875,132956.54182693
8.96875,132922.40728109
9.96875,132898.33207592
10,132897.73826811
