time,E_hw_wet_well
0.03125,128996.54144955
0.09375,131830.84088044
0.21875,133645.52073059
0.46875,134429.73345343
0.96875,134417.75605756
1.96875,133938.92105521
2.96875,133533.88784031
3.96875,133265.02036854
4.96875,133094.12139668
5.96875,132984.2616911
6.96875,132911.67224829
7.96875,132862.26768251
8.46875,132844.10583235
9.46875,132815.78410065
10,132804.2945026
