time,E_hw_wet_well
0.03125,129030.10632452
0.09375,131894.16116929
0.21875,133727.6528318
0.46875,134519.9714426
0.96875,134508.25261564
1.96875,134028.22627178
2.46875,133776.78339237
3.46875,133425.12575444
4.46875,133212.42441796
5.46875,133081.82687431
6.46875,132999.0078448
7.46875,132944.6018358
8.46875,132907.74354349
9.46875,132882.27544725
10,132872.32622388
