time,E_hw_wet_well
0.03125,128996.60121077
0.09375,131830.98022087
0.21875,133645.74283778
0.46875,134430.02622178
0.96875,134418.09276355
1.96875,133939.26618288
2.96875,133534.21284257
3.96875,133265.32078609
4.96875,133094.39906098
5.96875,132984.51938688
6.96875,132911.91237294
7.96875,132862.49205888
8.96875,132828.019567
9.96875,132803.61627191
10,132803.01237293
