time,E_hw_wet_well
0.03125,129030.13948238
0.09375,131894.23912101
0.21875,133727.77776833
0.46875,134520.1365195
0.59375,134317.8493143
0.84375,133893.77672446
1.34375,133351.92551132
2.34375,132835.57225125
3.34375,132644.71336054
4.34375,132579.18161836
5.34375,132560.40854803
6.34375,132559.45590624
7.34375,132565.54854143
8.34375,132574.5351613
8.84375,132579.66354383
9.84375,132590.40103321
10,132592.12955758
