time,E_hw_wet_well
0.03125,129030.09402214
0.09375,131894.1342807
0.21875,133727.61094388
0.46875,134519.91604015
0.96875,134508.18662847
1.96875,134028.1522429
2.96875,133624.25550229
3.96875,133356.8965113
4.96875,133186.87802618
5.96875,133077.46735524
6.96875,133005.21203176
7.96875,132956.13174155
8.96875,132921.99212536
9.96875,132897.91073627
10,132897.31671711
