time,E_hw_wet_well
0.03125,129030.11263488
0.09375,131894.18038162
0.21875,133727.6855308
0.46875,134520.01456327
0.96875,134508.30000917
1.96875,134028.26831438
2.21875,133857.20678005
2.46875,133744.41469814
2.96875,133552.86989562
3.96875,133289.46686063
4.96875,133127.88455951
5.96875,133026.82572993
6.96875,132961.5589257
7.96875,132917.97317319
8.96875,132888.13045012
9.96875,132867.47135276
10,132866.97046746
