time,E_hw_wet_well
0.03125,129030.13879316
0.09375,131894.23821531
0.21875,133727.77609363
0.46875,134520.13287324
0.96875,134508.43427967
1.96875,134028.40236247
2.96875,133624.48687083
3.96875,133357.10586049
4.96875,133187.06676367
5.96875,133077.63756884
6.96875,133005.36550093
7.96875,132956.2698354
8.96875,132922.11585989
9.96875,132898.020889
10,132897.42645747
