time,E_hw_wet_well
0.03125,129030.13908113
0.09375,131894.23790946
0.21875,133727.7749313
0.46875,134520.13043172
0.96875,134508.42935684
1.96875,134028.39252499
2.96875,133624.47214136
3.96875,133357.08622662
4.96875,133187.04223282
5.96875,133077.6081301
6.96875,133005.33116876
7.96875,132956.23059435
8.96875,132922.07170796
9.96875,132897.97182326
10,132897.37723848
