time,E_hw_wet_well
0.03125,129030.15702224
0.09375,131894.2796992
0.21875,133727.84116494
0.46875,134520.21700973
0.96875,134508.52765783
1.96875,134028.49070081
2.96875,133624.56174842
3.96875,133357.16598995
4.96875,133187.11271679
5.96875,133077.67018171
6.96875,133005.385547
7.96875,132956.27782501
8.96875,132922.11218538
9.96875,132898.00585
10,132897.41106873
