time,E_hw_wet_well
0.03125,129038.94401888
0.09375,131910.85267391
0.21875,133749.33964846
0.46875,134543.84290611
0.96875,134531.95674856
1.96875,134048.84911257
2.46875,133795.22786882
3.46875,133439.89395172
4.46875,133224.89250186
5.46875,133092.96560802
6.46875,133009.30714103
7.46875,132954.30482763
8.46875,132916.9983704
8.96875,132903.353989
9.96875,132882.29519874
10,132881.76868163
