time,E_hw_wet_well
0.03125,129038.88663701
0.09375,131910.72135903
0.21875,133749.13138092
0.46875,134543.56804091
0.96875,134531.638701
1.96875,134048.51796089
2.96875,133640.87325666
3.96875,133370.58742967
4.96875,133198.73770229
5.96875,133088.22906983
6.96875,133015.25010508
7.96875,132965.64297555
8.96875,132931.10174744
9.96875,132906.70668211
10,132906.10425133
