time,E_hw_wet_well
0.03125,129043.56605149
0.09375,131919.54132652
0.21875,133760.56543474
0.46875,134556.12573247
0.96875,134544.08383781
1.96875,134059.31889576
2.46875,133804.55754796
3.46875,133447.31817261
4.46875,133231.14425114
5.46875,133098.5553128
6.46875,133014.4899111
7.46875,132959.20674702
8.46875,132921.69588424
9.46875,132895.72988938
10,132885.56586882
