time,E_hw_wet_well
0.03125,128958.31717889
0.09375,131758.75122415
0.21875,133552.04069425
0.46875,134327.05320113
0.96875,134315.50616692
1.96875,133845.38289354
2.46875,133599.14311293
3.46875,133255.02646547
4.46875,133047.04350598
5.46875,132919.2956623
6.46875,132838.19386809
7.46875,132784.85244117
8.46875,132748.66578943
9.46875,132723.61216623
10,132713.80140531
