time,E_hw_wet_well
0.03125,129047.16819172
0.09375,131926.34605038
0.21875,133769.40480299
0.46875,134565.85378406
0.96875,134553.74237918
1.96875,134067.71716742
2.96875,133656.56128909
3.96875,133383.55554026
4.96875,133210.02106889
5.96875,133098.51422741
6.96875,133024.88647547
7.96875,132974.81489729
8.96875,132939.92681222
9.96875,132915.26736904
10,132914.65798042
