time,E_hw_wet_well
0.03125,129047.12716405
0.09375,131926.24722216
0.21875,133769.24605401
0.46875,134565.64266769
0.96875,134553.49546477
1.96875,134067.45494876
2.96875,133656.30395712
3.96875,133383.30626199
4.96875,133209.77852344
5.96875,133098.27642421
6.96875,133024.65172406
7.96875,132974.58190221
8.96875,132939.69460515
9.46875,132926.6553958
10,132915.13737267
