time,E_hw_wet_well
0.03125,129047.1837639
0.09375,131926.37845886
0.21875,133769.45405118
0.46875,134565.91662837
0.96875,134553.8111363
1.96875,134067.78059978
2.96875,133656.61327758
3.96875,133383.59513684
4.96875,133210.04870778
5.96875,133098.53050782
6.96875,133024.89191965
7.96875,132974.8099101
8.96875,132939.91166627
9.96875,132915.24232694
10,132914.63262767
