time,E_hw_wet_well
0.03125,129047.21248886
0.09375,131926.44534256
0.21875,133769.5607234
0.46875,134566.05734685
0.96875,134553.9730586
1.96875,134067.94663677
2.96875,133656.7696412
3.96875,133383.73967732
4.96875,133210.18233301
5.96875,133098.65452759
6.96875,133025.00748486
7.96875,132974.91789448
8.96875,132940.01275051
9.96875,132915.336989
10,132914.72710184
