time,E_hw_wet_well
0.03125,129047.22255368
0.09375,131926.46759555
0.21875,133769.59562371
0.46875,134566.10302377
0.96875,134554.0250227
1.46875,134115.96736625
2.46875,133513.46598538
3.46875,133186.57916586
4.46875,133010.91226074
5.46875,132913.19925031
6.46875,132856.29921581
7.46875,132821.79809566
8.46875,132800.37473858
9.46875,132787.1260241
10,132782.61227371
