time,E_hw_wet_well
0.03125,128996.57738887
0.09375,131830.92331585
0.21875,133645.65050045
0.46875,134429.90132267
0.96875,134417.94185804
1.96875,133939.09519265
2.96875,133534.03325259
3.96875,133265.13438012
4.96875,133094.20511454
5.96875,132984.31679345
6.96875,132911.70018438
7.96875,132862.26954594
8.96875,132827.78618832
9.96875,132803.37162306
10,132802.76736565
