time,E_hw_wet_well
0.03125,129047.18647887
0.09375,131926.38777381
0.21875,133769.4698688
0.46875,134565.93685766
0.96875,134553.83225219
1.96875,134067.7969125
2.96875,133656.62239528
3.96875,133383.5966948
4.96875,133210.04287182
5.96875,133098.51751449
6.96875,133024.87197477
7.96875,132974.78315845
8.96875,132939.87824668
9.96875,132915.20226935
10,132914.59237165
