time,E_hw_wet_well
0.03125,129047.13797787
0.09375,131926.27253624
0.21875,133769.28513146
0.46875,134565.69246054
0.96875,134553.54910312
1.96875,134067.50195951
2.96875,133656.33921888
3.96875,133383.32896394
4.96875,133209.78904548
5.96875,133098.27528211
6.46875,133059.47819237
7.46875,133000.79817191
8.46875,132959.41439178
9.46875,132929.95406373
10,132918.14291285
