time,E_hw_wet_well
0.03125,129047.24625578
0.09375,131926.5220907
0.21875,133769.68172844
0.46875,134566.21550658
0.96875,134554.15258035
1.96875,134068.12578304
2.96875,133656.93292862
3.96875,133383.88470347
4.96875,133210.31007075
5.96875,133098.76651459
6.96875,133025.10503896
7.96875,132975.00200749
8.96875,132940.08416927
9.96875,132915.39624038
10,132914.78598895
