time,E_hw_wet_well
0.03125,129047.19988853
0.09375,131926.41519862
0.21875,133769.51177908
0.46875,134565.99110903
0.96875,134553.89281666
1.96875,134067.85518025
2.46875,133812.19189407
3.46875,133453.43838402
4.46875,133236.31916901
5.46875,133103.18079126
5.96875,133058.81123047
6.96875,132993.22171607
7.96875,132948.03412518
8.96875,132916.46865905
9.96875,132894.27336953
10,132893.72758586
