time,E_hw_wet_well
0.03125,129047.18322805
0.09375,131926.37771585
0.21875,133769.45161953
0.46875,134565.90984959
0.96875,134553.7954333
1.96875,134067.74732743
2.96875,133656.56263009
3.96875,133383.52723222
4.96875,133209.96360853
5.96875,133098.42824469
6.96875,133024.77251877
7.96875,132974.67338141
8.96875,132939.75804336
9.96875,132915.07158785
10,132914.46135698
