time,E_hw_wet_well
0.03125,129047.15112665
0.09375,131926.30260352
0.21875,133769.33219467
0.46875,134565.75267105
0.96875,134553.6141024
1.96875,134067.55899698
2.96875,133656.38199516
3.96875,133383.35649864
4.96875,133209.80174694
5.96875,133098.27377696
6.96875,133024.6241762
7.96875,132974.53019834
8.96875,132939.61929996
9.96875,132914.9367465
10,132914.32663123
