time,E_hw_wet_well
0.03125,129047.17016523
0.09375,131926.34571446
0.21875,133769.39948532
0.46875,134565.83952393
0.96875,134553.7109978
1.96875,134067.65253368
2.96875,133656.4638134
3.96875,133383.4253475
4.96875,133209.85821141
5.96875,133098.31870669
6.96875,133024.65829471
7.96875,132974.55405801
8.96875,132939.63331546
9.96875,132914.94122915
10,132914.33082023
