time,E_hw_wet_well
0.03125,129047.19886341
0.09375,131926.41551928
0.21875,133769.51322898
0.46875,134565.9914699
0.96875,134553.88768537
1.96875,134067.83558557
2.96875,133656.6376161
3.96875,133383.58735371
4.96875,133210.00933729
5.96875,133098.46039829
6.96875,133024.79181394
7.96875,132974.68036629
8.96875,132939.75314257
9.96875,132915.05511161
10,132914.44451847
