time,E_hw_wet_well
0.03125,129047.13518017
0.09375,131926.2687054
0.21875,133769.27814161
0.46875,134565.67764457
0.96875,134553.5183431
1.46875,134115.45571772
2.46875,133512.95049251
3.46875,133186.05615381
4.46875,133010.37648142
5.46875,132912.6464247
6.46875,132855.72627078
7.46875,132821.20292977
8.46875,132799.75580902
8.96875,132792.63782071
9.96875,132782.7120484
10,132782.49280391
