time,E_hw_wet_well
0.03125,129053.1556492
0.09375,131937.63467776
0.21875,133784.04245907
0.46875,134581.93170061
0.96875,134569.66718887
1.96875,134081.50169236
2.46875,133824.3644131
3.46875,133463.15749817
3.71875,133377.99904568
4.21875,133262.69805697
5.21875,133113.72167156
6.21875,133023.27108884
7.21875,132965.44677852
8.21875,132926.88037377
9.21875,132900.45918871
10,132885.80466698
