time,E_hw_wet_well
0.03125,128996.57704657
0.09375,131830.92228329
0.21875,133645.64788323
0.46875,134429.89540117
0.96875,134417.92935929
1.96875,133939.06959716
2.46875,133687.18938295
3.46875,133333.83370354
4.46875,133120.01643675
5.46875,132988.85688538
6.46875,132905.63582335
7.46875,132850.83993939
8.46875,132813.59933947
9.46875,132787.76396283
10,132777.62532582
