time,E_hw_wet_well
0.03125,129053.11246598
0.09375,131937.53459732
0.21875,133783.88226797
0.46875,134581.71793102
0.96875,134569.41491976
1.96875,134081.22836263
2.96875,133667.50589722
3.96875,133392.52067993
4.96875,133217.75628025
5.96875,133105.51151693
6.96875,133031.39488544
7.96875,132980.96571038
8.96875,132945.80377677
9.96875,132920.92913543
10,132920.31394483
