time,E_hw_wet_well
0.03125,129053.14458441
0.09375,131937.60777865
0.21875,133783.99747471
0.46875,134581.86821588
0.96875,134569.5851123
1.96875,134081.39755535
2.96875,133667.65948141
3.96875,133392.65639739
4.96875,133217.87509287
5.96875,133105.61487009
6.96875,133031.48402751
7.96875,132981.04160231
8.96875,132945.86711552
9.96875,132920.98046728
10,132920.36491435
