time,E_hw_wet_well
0.03125,129053.17367728
0.09375,131937.67436761
0.21875,133784.10179726
0.46875,134582.00189005
0.96875,134569.72997913
1.96875,134081.52606851
2.21875,133906.99540593
2.71875,133650.58451129
3.71875,133328.54883503
4.21875,133232.62640572
5.21875,133100.68953252
6.21875,133016.54146455
7.21875,132961.11196018
8.21875,132923.5188675
9.21875,132897.54411221
10,132883.07626854
