time,E_hw_wet_well
0.03125,129053.15372032
0.09375,131937.63079234
0.21875,133784.03320156
0.46875,134581.91075485
0.71875,134205.49161051
1.21875,133611.6258964
2.21875,133001.25829401
3.21875,132754.55502551
4.21875,132658.6964196
5.21875,132623.24630257
6.21875,132612.35571077
7.21875,132611.9478523
8.21875,132616.35836559
9.21875,132623.21830729
10,132629.6254905
