time,E_hw_wet_well
0.03125,129056.0584452
0.09375,131943.10810026
0.21875,133791.13967786
0.46875,134589.7269746
0.96875,134577.38689619
1.96875,134088.17907099
2.96875,133673.21205036
3.96875,133397.26541367
4.96875,133221.90532906
5.96875,133109.30551942
6.96875,133034.9565212
7.96875,132984.36034941
8.96875,132949.07338276
9.96875,132924.10316843
10,132923.48546006
