time,E_hw_wet_well
0.03125,129002.46842774
0.09375,131842.03560394
0.21875,133660.06176944
0.46875,134445.73221204
0.96875,134433.63808566
1.96875,133952.7487812
2.96875,133545.19478119
3.46875,133393.19174407
3.96875,133294.78715858
4.96875,133135.99899503
5.96875,133024.53059797
6.96875,132947.33361244
7.96875,132893.37917049
8.96875,132855.11942838
9.96875,132827.68746452
10,132827.00102503
