time,E_hw_wet_well
0.03125,129056.03984562
0.09375,131943.06509197
0.21875,133791.07091276
0.46875,134589.63521226
0.96875,134577.27853482
1.96875,134088.06145822
2.96875,133673.09378713
3.96875,133397.14784655
4.96875,133221.78791751
5.96875,133109.18738317
6.96875,133034.83696349
7.96875,132984.23883928
8.96875,132948.94951613
9.96875,132923.97663907
10,132923.35884339
