time,E_hw_wet_well
0.03125,129056.0572345
0.09375,131943.10644071
0.21875,133791.13676482
0.46875,134589.72094094
0.96875,134577.3744618
1.96875,134088.15365866
2.96875,133673.17359553
3.96875,133397.21390654
4.96875,133221.84078403
5.96875,133109.22794797
6.96875,133034.86592251
7.96875,132984.25674005
8.96875,132948.9567751
9.96875,132923.97357025
10,132923.35545931
