time,E_hw_wet_well
0.03125,129056.05742848
0.09375,131943.10499953
0.21875,133791.13240768
0.46875,134589.71138209
0.96875,134577.35469701
1.96875,134088.11364901
2.96875,133673.11338585
3.96875,133397.13350138
4.96875,133221.74019767
5.96875,133109.1071722
6.96875,133034.72495744
7.96875,132984.09559156
8.96875,132948.77544322
9.96875,132923.77206383
10,132923.15331967
