time,E_hw_wet_well
0.03125,129057.87344283
0.09375,131946.53788778
0.21875,133795.59800324
0.46875,134594.63483985
0.96875,134582.25245996
1.96875,134092.38313363
2.96875,133676.62095908
3.96875,133400.05607496
4.96875,133224.30415059
5.96875,133111.46089645
6.96875,133036.94391676
7.96875,132986.21996752
8.96875,132950.83102379
9.96875,132925.77692963
10,132925.15688809
