time,E_hw_wet_well
0.03125,129070.27746851
0.09375,131969.91069884
0.21875,133825.87711704
0.46875,134627.86008182
0.96875,134615.12144716
1.96875,134120.7571972
2.96875,133699.67713459
3.96875,133419.05472652
4.96875,133240.81196389
5.96875,133126.49272885
6.96875,133051.01202077
7.96875,132999.59632401
8.96875,132963.68994342
9.96875,132938.24035232
10,132937.60987573
