time,E_hw_wet_well
0.03125,129070.27779874
0.09375,131969.91054815
0.21875,133825.87623256
0.46875,134627.85828445
0.96875,134615.11791653
1.96875,134120.75022116
2.96875,133699.66672024
3.96875,133419.04085426
4.96875,133240.79460742
5.96875,133126.47190486
6.96875,133050.98774428
7.96875,132999.56864853
8.96875,132963.65881126
9.96875,132938.20574919
10,132937.57516647
