time,E_hw_wet_well
0.03125,129070.30888418
0.09375,131969.983208
0.21875,133825.99164631
0.46875,134628.00899602
0.96875,134615.28807956
1.96875,134120.91769338
2.46875,133859.48825744
3.46875,133491.17310582
4.46875,133268.18037014
5.46875,133131.68315102
6.46875,133045.15830972
7.46875,132988.13892962
8.46875,132949.33596369
9.46875,132922.38299619
10,132911.79239795
