time,E_hw_wet_well
0.03125,129070.27299894
0.09375,131969.90199697
0.21875,133825.86293655
0.46875,134627.83846597
0.96875,134615.08942456
1.96875,134120.70798232
2.96875,133699.61206174
3.96875,133418.97400933
4.96875,133240.71551312
5.96875,133126.38043788
6.96875,133050.88378814
7.96875,132999.4520741
8.96875,132963.52962252
9.46875,132950.07080207
10,132938.16024576
