time,E_hw_wet_well
0.03125,129070.30940019
0.09375,131969.98309837
0.21875,133825.99073206
0.46875,134628.00711949
0.96875,134615.28437679
1.96875,134120.91042615
2.96875,133699.80574088
3.96875,133419.1563243
4.96875,133240.88746466
5.96875,133126.54358489
6.96875,133051.03948629
7.96875,132999.60136489
8.96875,132963.67328614
9.96875,132938.20254321
10,132937.57141223
