time,E_hw_wet_well
0.03125,128975.00928981
0.09375,131790.2458008
0.21875,133592.90242159
0.46875,134371.96299089
0.96875,134360.08332212
1.96875,133884.31912988
2.96875,133481.87016579
3.96875,133214.73651035
4.96875,133044.93411465
5.96875,132935.75276687
6.96875,132863.58405419
7.96875,132814.44343038
8.96875,132780.14949845
9.96875,132755.85631432
10,132755.25477302
