time,E_hw_wet_well
0.03125,129070.27548543
0.09375,131969.90403782
0.21875,133825.86319044
0.46875,134627.83590492
0.71875,134249.39414165
1.21875,133651.58172528
2.21875,133033.26569982
3.21875,132779.94537851
4.21875,132679.85993373
5.21875,132642.07257038
6.21875,132629.84773315
7.21875,132628.57732062
8.21875,132632.38026795
9.21875,132638.79562197
9.609375,132641.98834983
10,132645.27214337
