time,E_hw_wet_well
0.03125,129070.34116406
0.09375,131970.05617492
0.21875,133826.1064591
0.46875,134628.1585636
0.96875,134615.4562252
1.96875,134121.08151991
2.46875,133859.64084318
3.46875,133491.30253053
3.96875,133370.88673682
4.96875,133202.86091588
5.96875,133095.37556816
6.96875,133024.64859085
7.96875,132976.68838414
8.96875,132943.39732669
9.96875,132919.99532473
10,132919.41988312
