time,E_hw_wet_well
0.03125,129070.39329327
0.09375,131970.17574676
0.21875,133826.29550135
0.46875,134628.40663581
0.96875,134615.74078421
1.96875,134121.37288615
2.96875,133700.23559914
3.96875,133419.54751538
4.96875,133241.24242768
5.96875,133126.86609612
6.96875,133051.33281083
7.96875,132999.86800699
8.96875,132963.91511679
9.96875,132938.42096681
10,132937.78913152
