time,E_hw_wet_well
0.03125,129070.34733191
0.09375,131970.07054812
0.21875,133826.12898286
0.46875,134628.18731324
0.96875,134615.48743219
1.96875,134121.10917734
2.46875,133859.66490862
3.46875,133491.3192671
4.46875,133268.29809821
5.46875,133131.77463158
6.46875,133045.22530426
7.46875,132988.18267307
8.46875,132949.35743081
9.46875,132922.38288588
10,132911.7810583
