time,E_hw_wet_well
0.03125,129070.29317735
0.09375,131969.94885964
0.21875,133825.93641754
0.46875,134627.93231864
0.96875,134615.19003998
1.96875,134120.79444057
2.46875,133859.35623609
3.46875,133491.02383977
4.46875,133268.01312573
5.46875,133131.49714911
6.46875,133044.95298031
7.46875,132987.91378136
8.46875,132949.09072008
9.46875,132922.11743881
10,132911.515972
