time,E_hw_wet_well
0.03125,129070.27387709
0.09375,131969.90072822
0.21875,133825.85832304
0.46875,134627.82862604
0.96875,134615.06939887
1.96875,134120.66780038
2.96875,133699.55175088
3.96875,133418.89355113
4.96875,133240.61488838
5.96875,133126.25963717
6.96875,133050.74280308
7.96875,132999.29090841
8.96875,132963.34827814
9.96875,132937.86240642
10,132937.23079819
