time,E_hw_wet_well
0.03125,129070.33899535
0.09375,131970.05087865
0.21875,133826.09709747
0.46875,134628.1438066
0.96875,134615.43350939
1.96875,134121.04517511
2.96875,133699.91199013
3.96875,133419.23184071
4.96875,133240.93312512
5.96875,133126.56075946
6.96875,133051.02936355
7.96875,132999.56486133
8.96875,132963.61108591
9.96875,132938.11516474
10,132937.48325977
