time,E_hw_wet_well
0.03125,129070.28182225
0.09375,131969.92254845
0.21875,133825.89425704
0.46875,134627.87588484
0.96875,134615.12327647
1.96875,134120.72183752
2.21875,133943.57869963
2.71875,133682.35122569
3.71875,133353.60894758
4.71875,133167.45596032
5.71875,133057.23769557
6.71875,132988.43727471
7.71875,132943.44838114
8.71875,132913.05697614
9.71875,132892.20307925
10,132887.80193424
