time,E_hw_wet_well
0.03125,129070.34072795
0.09375,131970.05482687
0.21875,133826.10329525
0.46875,134628.15178199
0.96875,134615.44221208
1.96875,134121.05303729
2.46875,133859.60512415
3.46875,133491.25233657
4.46875,133268.22366048
5.46875,133131.6923134
6.46875,133045.13481999
7.46875,132988.08380716
8.46875,132949.25002921
9.46875,132922.26684115
10,132911.66038516
