time,E_hw_wet_well
0.03125,129070.2469474
0.09375,131969.83832665
0.21875,133825.75811478
0.46875,134627.69385758
0.96875,134614.90783343
1.96875,134120.48702151
2.46875,133859.04982019
3.46875,133490.72039003
3.96875,133370.30761363
4.96875,133202.28304736
5.96875,133094.79386987
6.96875,133024.05938527
7.96875,132976.08905853
8.96875,132942.78597898
9.46875,132930.39198292
10,132919.48261708
