time,E_hw_wet_well
0.03125,129084.50285856
0.09375,131996.75156881
0.21875,133860.70624585
0.46875,134666.14170972
0.96875,134653.02585574
1.96875,134153.44705895
2.96875,133726.21605276
3.96875,133440.91720954
4.96875,133259.79177142
5.96875,133143.73882727
6.96875,133067.10381881
7.96875,133014.84400886
8.96875,132978.29334796
9.96875,132952.33918597
10,132951.69515449
