time,E_hw_wet_well
0.03125,129084.53559752
0.09375,131996.82554438
0.21875,133860.82238997
0.46875,134666.29273898
0.96875,134653.19577622
1.96875,134153.61348703
2.46875,133888.59619348
3.46875,133514.39310588
4.46875,133287.80751005
5.46875,133149.24616871
6.46875,133061.41111999
7.46875,133003.46119364
8.46875,132963.96265576
9.46875,132936.47522096
10,132925.65218212
