time,E_hw_wet_well
0.03125,129084.54436222
0.09375,131996.84825293
0.21875,133860.85980996
0.46875,134666.34194703
0.96875,134653.25016055
1.96875,134153.66289736
2.46875,133888.63972127
3.46875,133514.42455279
4.46875,133287.82744457
5.46875,133149.25522245
6.46875,133061.40980471
7.46875,133003.4498895
7.96875,132982.65905611
8.96875,132950.61613643
9.96875,132927.76095894
10,132927.19194135
