time,E_hw_wet_well
0.03125,129084.52036313
0.09375,131996.79118934
0.21875,133860.7669715
0.46875,134666.21600288
0.96875,134653.09776954
1.96875,134153.49018184
2.21875,133974.14710952
2.71875,133708.88880467
3.71875,133374.58649509
4.71875,133185.50558554
5.71875,133073.6777259
6.71875,133003.82496658
7.71875,132958.0733746
8.71875,132927.11031699
9.71875,132905.81552869
10,132901.31045939
