time,E_hw_wet_well
0.03125,129087.35951391
0.09375,132002.13253974
0.21875,133867.6720618
0.46875,134673.77693558
0.96875,134660.56182044
1.96875,134159.90913519
2.96875,133731.43198058
3.96875,133445.19341033
4.96875,133263.49167296
5.96875,133147.09260343
6.96875,133070.22691154
7.96875,133017.79825256
8.96875,132981.11851827
9.96875,132955.06304774
10,132954.41628721
