time,E_hw_wet_well
0.03125,129087.40086651
0.09375,132002.23041648
0.21875,133867.82924483
0.46875,134673.98481805
0.96875,134660.80088669
1.96875,134160.15310294
2.96875,133731.66008973
3.96875,133445.40227876
4.96875,133263.6825113
5.96875,133147.26736882
6.96875,133070.3872961
7.96875,133017.94558598
8.96875,132981.25379231
9.96875,132955.18700707
10,132954.53990239
