time,E_hw_wet_well
0.03125,129087.35114115
0.09375,132002.11520072
0.21875,133867.64542092
0.46875,134673.74147146
0.96875,134660.51877247
1.96875,134159.85888933
2.96875,133731.37732512
3.96875,133445.13477514
4.96875,133263.42885567
5.96875,133147.02530916
6.96875,133070.15487896
7.96875,133017.72130101
8.96875,132981.03650665
9.96875,132954.97586602
10,132954.32894174
