time,E_hw_wet_well
0.03125,129019.39632433
0.09375,131873.97559694
0.21875,133701.50992821
0.46875,134491.29570423
0.96875,134478.82504668
1.96875,133992.00817745
2.46875,133734.53327355
3.46875,133371.73650844
4.46875,133152.02391084
5.46875,133017.47732049
6.46875,132932.13617354
7.46875,132875.84805888
8.46875,132837.49733147
9.46875,132810.81518851
10,132800.31139437
