time,E_hw_wet_well
0.03125,129087.39430509
0.09375,132002.2152352
0.21875,133867.80482815
0.46875,134673.95203172
0.96875,134660.7619185
1.96875,134160.11038437
2.96875,133731.61674032
3.96875,133445.35882022
4.96875,133263.63875913
5.96875,133147.22301788
6.96875,133070.34209609
7.96875,133017.89934108
8.96875,132981.20635397
9.96875,132955.13826435
10,132954.49112501
