time,E_hw_wet_well
0.03125,129087.37826683
0.09375,132002.17453632
0.21875,133867.73805582
0.46875,134673.86278059
0.96875,134660.65788067
1.96875,134160.00158722
2.96875,133731.51214507
3.96875,133445.25987788
4.96875,133263.54495661
5.96875,133147.13352953
6.46875,133106.67127619
7.46875,133045.32663591
8.46875,133001.90009731
9.46875,132970.85441458
10,132958.35131148
