time,E_hw_wet_well
0.03125,129087.36961809
0.09375,132002.15133741
0.21875,133867.69796299
0.46875,134673.80661248
0.96875,134660.58874761
1.96875,134159.92275043
2.96875,133731.42961784
3.96875,133445.17473202
4.96875,133263.45692435
5.96875,133147.04210865
6.96875,133070.16092518
7.96875,133017.71700527
8.96875,132981.0221731
9.96875,132954.95172935
10,132954.30451969
