time,E_hw_wet_well
0.03125,129087.34434705
0.09375,132002.09857258
0.21875,133867.61738221
0.46875,134673.70140785
0.71875,134293.23513674
1.21875,133691.41843604
2.21875,133065.02812682
3.21875,132805.06319607
4.21875,132700.76679537
5.21875,132660.64231051
6.21875,132647.06098677
7.21875,132644.89541958
8.21875,132648.05443866
9.21875,132653.98656794
10,132659.83007519
