time,E_hw_wet_well
0.03125,129087.37689068
0.09375,132002.17138792
0.21875,133867.73236526
0.46875,134673.85240871
0.96875,134660.63779661
1.96875,134159.96165727
2.96875,133731.45214506
3.96875,133445.1797154
4.96875,133263.44460016
5.96875,133147.01297106
6.96875,133070.11542893
7.96875,133017.65549263
8.96875,132980.94495378
9.46875,132967.16398521
10,132954.95014358
