time,E_hw_wet_well
0.03125,129087.34627032
0.09375,132002.09960573
0.21875,133867.61613394
0.46875,134673.69626691
0.96875,134660.45371461
1.96875,134159.76429838
2.96875,133731.25699299
3.46875,133570.39774401
4.46875,133342.88529521
5.46875,133198.29690868
6.46875,133104.25141103
7.46875,133041.04678618
8.46875,132997.31478599
9.46875,132966.43281961
10,132954.09341702
