time,E_hw_wet_well
0.03125,129093.27757682
0.09375,132013.29346887
0.21875,133882.1475993
0.46875,134689.68094644
0.96875,134676.30050742
1.96875,134173.4619041
2.96875,133742.4324659
3.96875,133454.27514427
4.96875,133271.40405321
5.96875,133154.30925879
6.96875,133076.98574276
7.96875,133024.22723644
8.96875,132987.30030226
9.96875,132961.05531112
10,132960.40353822
