time,E_hw_wet_well
0.03125,129093.33919239
0.09375,132013.43540195
0.21875,133882.37284668
0.46875,134689.97719582
0.96875,134676.64018234
1.96875,134173.80824371
2.96875,133742.75660069
3.96875,133454.57244187
4.96875,133271.67624672
5.96875,133154.55910822
6.46875,133113.85713583
7.46875,133052.13057316
8.46875,133008.41400184
9.46875,132977.14571059
10,132964.54644872
