time,E_hw_wet_well
0.03125,129019.32240143
0.09375,131873.80980779
0.21875,133701.24633118
0.46875,134490.9467738
0.96875,134478.42031102
1.96875,133991.58577396
2.46875,133734.12266227
3.46875,133371.35110317
4.46875,133151.65993478
5.46875,133017.13067125
6.46875,132931.8035634
7.46875,132875.52713768
8.46875,132837.18638309
9.46875,132810.51293163
10,132800.01332779
