time,E_hw_wet_well
0.03125,129093.26165982
0.09375,132013.26008456
0.21875,133882.09554844
0.46875,134689.61122375
0.96875,134676.21664391
1.96875,134173.3668975
2.46875,133906.13689281
3.46875,133528.33806947
4.46875,133299.58479895
5.46875,133159.79157307
6.46875,133071.18230482
7.46875,133012.68891365
8.46875,132972.78995398
9.46875,132944.99993242
10,132934.04734649
