time,E_hw_wet_well
0.03125,129093.31241027
0.09375,132013.37639985
0.21875,133882.27965774
0.46875,134689.85265894
0.96875,134676.49205288
1.96875,134173.64465418
2.96875,133742.58897101
3.96875,133454.40260187
4.96875,133271.50351299
5.96875,133154.38239384
6.96875,133077.03401356
7.96875,133024.25177977
8.96875,132987.30195648
9.96875,132961.03471481
10,132960.38225786
