time,E_hw_wet_well
0.03125,129093.26113378
0.09375,132013.25885453
0.21875,133882.09273842
0.46875,134689.60515866
0.96875,134676.20407045
1.96875,134173.34130925
2.21875,133992.63700641
2.71875,133724.90220833
3.71875,133387.22533959
4.71875,133196.39464345
5.71875,133083.61881609
6.71875,133013.15572266
7.71875,132966.9702239
8.21875,132950.49790175
9.21875,132925.27027111
10,132911.01658618
