time,E_hw_wet_well
0.03125,129093.2752937
0.09375,132013.29073446
0.21875,133882.14287282
0.46875,134689.67088074
0.96875,134676.27950099
1.96875,134173.41878728
2.46875,133906.17950889
3.46875,133528.36187542
4.46875,133299.59050784
5.46875,133159.77994941
6.46875,133071.15395158
7.46875,133012.6443026
8.46875,132972.72941609
8.96875,132958.04727589
9.96875,132935.25692254
10,132934.68355296
