time,E_hw_wet_well
0.03125,129093.37218501
0.09375,132013.5110793
0.21875,133882.4919911
0.46875,134690.13123884
0.96875,134676.81049354
1.96875,134173.96754594
2.21875,133993.25301654
2.71875,133725.49307419
3.71875,133387.77093031
4.71875,133196.90301789
5.71875,133084.09642652
6.71875,133013.60723847
7.71875,132967.39896662
8.71875,132936.09788732
9.71875,132914.54607537
10,132909.98114458
