time,E_hw_wet_well
0.03125,129019.3357211
0.09375,131873.83731984
0.21875,133701.28799011
0.46875,134490.99999
0.96875,134478.47914377
1.96875,133991.6418624
2.96875,133576.90064205
3.96875,133300.43772254
4.96875,133124.77502249
5.46875,133065.08035735
6.46875,132976.76589562
7.46875,132915.93376628
8.46875,132873.27485583
9.46875,132842.91710785
10,132830.72248616
