time,E_hw_wet_well
0.03125,129019.36666822
0.09375,131873.90932749
0.21875,133701.40321246
0.46875,134491.15282513
0.96875,134478.65624355
1.96875,133991.82579286
2.46875,133734.35253594
3.46875,133371.5597827
4.46875,133151.84971282
5.46875,133017.30401232
6.46875,132931.96241572
7.46875,132875.67292766
8.46875,132837.32014685
9.46875,132810.63543661
10,132800.13011001
