time,E_hw_wet_well
0.03125,129093.21985052
0.09375,132013.15867455
0.21875,133881.92977929
0.46875,134689.38683974
0.96875,134675.94739647
1.96875,134173.06729047
2.46875,133905.83513254
3.46875,133528.03308401
4.46875,133299.27427597
5.46875,133159.47294689
6.46875,133070.85354567
7.46875,133012.3485255
8.46875,132972.43684193
9.46875,132944.63331106
10,132933.67328132
