time,E_hw_wet_well
0.03125,129093.32688032
0.09375,132013.40735875
0.21875,133882.32685721
0.46875,134689.91200753
0.96875,134676.5543329
1.96875,134173.69554545
2.46875,133906.44290362
2.96875,133723.87636635
3.96875,133445.3894004
4.96875,133264.15973871
5.96875,133146.7309436
6.96875,133068.89355065
7.96875,133015.84679804
8.96875,132978.84704716
9.96875,132952.6646627
10,132952.01695214
