time,E_hw_wet_well
0.03125,129093.34596381
0.09375,132013.45408488
0.21875,133882.40253852
0.46875,134690.01243443
0.96875,134676.67062169
1.96875,134173.81601894
2.96875,133742.73702566
3.96875,133454.52474912
4.96875,133271.60071095
5.96875,133154.45618692
6.96875,133077.08574912
7.96875,133024.28249975
8.96875,132987.31244047
9.96875,132961.02554936
10,132960.37248622
