time,E_hw_wet_well
0.03125,129093.30483371
0.09375,132013.35766401
0.21875,133882.24871845
0.46875,134689.80911839
0.96875,134676.4345297
1.96875,134173.56816173
2.21875,133992.8561168
2.71875,133725.10479195
3.71875,133387.39753675
4.71875,133196.53994078
5.71875,133083.73991256
6.71875,133013.25452734
7.71875,132967.04808247
8.71875,132935.74740619
9.71875,132914.19494625
10,132909.62966549
