time,E_hw_wet_well
0.03125,129093.32499263
0.09375,132013.4054758
0.21875,133882.32478386
0.46875,134689.90876547
0.96875,134676.54844487
1.96875,134173.68388436
2.46875,133906.42822525
3.46875,133528.57670479
4.46875,133299.77407484
5.46875,133159.9351331
6.46875,133071.28306531
7.46875,133012.74902075
8.46875,132972.81096562
9.46875,132944.98300489
10,132934.01065718
