time,E_hw_wet_well
0.03125,129093.34786058
0.09375,132013.45457578
0.21875,133882.40110236
0.46875,134690.00862251
0.96875,134676.66247761
1.96875,134173.79968667
2.96875,133742.71266084
3.96875,133454.49237042
4.96875,133271.56030618
5.96875,133154.40774001
6.96875,133077.02924779
7.96875,133024.21793951
8.96875,132987.23982166
9.96875,132960.94486779
10,132960.29155644
