time,E_hw_wet_well
0.03125,129093.29486855
0.09375,132013.33241636
0.21875,133882.20667444
0.46875,134689.75158303
0.71875,134308.58458149
1.21875,133705.36389577
2.21875,133076.13771279
3.21875,132813.85714618
4.21875,132708.10216538
5.21875,132667.16779416
6.21875,132653.11323102
7.21875,132650.63302736
8.21875,132653.56426011
9.21875,132659.32420086
10,132665.06080177
