time,E_hw_wet_well
0.03125,129093.2809389
0.09375,132013.3001973
0.21875,133882.15506137
0.46875,134689.68249238
0.96875,134676.28261612
1.96875,134173.39896207
2.96875,133742.32224416
3.96875,133454.11726765
4.96875,133271.19864148
5.96875,133154.05652865
6.96875,133076.68589012
7.96875,133023.88042738
8.96875,132986.90664783
9.96875,132960.61491443
10,132959.9616833
