time,E_hw_wet_well
0.03125,129093.26859647
0.09375,132013.27355378
0.21875,133882.11337717
0.46875,134689.62748964
0.96875,134676.21895221
1.96875,134173.3325798
2.96875,133742.25842179
3.96875,133454.05687334
4.96875,133271.14137349
5.96875,133154.00187975
6.96875,133076.63341639
7.96875,133023.82979171
8.96875,132986.85760113
9.96875,132960.56725963
10,132959.91407165
