time,E_hw_wet_well
0.03125,129093.31324745
0.09375,132013.37470855
0.21875,133882.27362168
0.46875,134689.83914043
0.96875,134676.4639234
1.96875,134173.58768338
2.46875,133906.33016391
3.46875,133528.47521795
4.46875,133299.66843647
5.46875,133159.82455523
6.46875,133071.16692272
7.46875,133012.62685613
8.46875,132972.68244497
9.46875,132944.84789313
10,132933.87196177
