time,E_hw_wet_well
0.03125,129093.32505215
0.09375,132013.40496213
0.21875,133882.32266916
0.46875,134689.90341715
0.96875,134676.53680988
1.96875,134173.65984743
2.96875,133742.56828187
3.96875,133454.34502939
4.96875,133271.40943776
5.96875,133154.25243066
6.96875,133076.86869864
7.96875,133024.05153452
8.96875,132987.06709974
9.96875,132960.7654859
10,132960.11195854
