time,E_hw_wet_well
0.03125,129093.31093664
0.09375,132013.37285174
0.21875,133882.2717002
0.46875,134689.83556223
0.96875,134676.45667719
1.46875,134227.87810889
1.96875,133897.16175301
2.96875,133442.95889983
3.96875,133185.86084372
4.96875,133040.7584985
5.96875,132956.07690169
6.96875,132904.46792045
7.96875,132871.8703211
8.96875,132850.90157261
9.96875,132837.49954619
10,132837.19981134
