time,E_hw_wet_well
0.03125,129096.81332372
0.09375,132019.96141972
0.21875,133890.79352673
0.46875,134699.17389196
0.96875,134685.6796177
1.96875,134181.50190997
2.96875,133748.91846022
3.96875,133459.58962912
4.96875,133275.99528994
5.96875,133158.45927771
6.46875,133117.61375667
7.46875,133055.65606454
8.46875,133011.7609935
9.46875,132980.35273462
10,132967.69171852
