time,E_hw_wet_well
0.03125,129019.35308172
0.09375,131873.87666487
0.21875,133701.35191007
0.46875,134491.08459139
0.96875,134478.57546345
1.96875,133991.73711498
2.96875,133576.9858458
3.96875,133300.51137302
4.96875,133124.83760299
5.96875,133012.10452023
6.96875,132937.61394259
7.96875,132886.81954356
8.96875,132851.29695342
9.96875,132826.07110518
10,132825.44510092
