time,E_hw_wet_well
0.03125,129107.86901286
0.09375,132040.83072596
0.21875,133917.88567037
0.46875,134728.96295284
0.96875,134715.16083811
1.96875,134206.84196306
2.96875,133769.44937327
3.96875,133476.51889278
4.96875,133290.7225837
5.96875,133171.86015845
6.96875,133093.34987734
7.96875,133039.71881841
8.96875,133002.1227881
9.96875,132975.35061383
10,132974.68460992
