time,E_hw_wet_well
0.03125,129110.05179152
0.09375,132044.94682671
0.21875,133923.22507884
0.46875,134734.83395064
0.96875,134720.9779063
1.96875,134211.86159716
2.46875,133940.36071778
3.46875,133555.65875536
4.46875,133322.75051271
5.46875,133180.57917994
6.46875,133090.45921659
7.46875,133030.8966469
8.46875,132990.20390876
9.46875,132961.80841976
10,132950.59422071
