time,E_hw_wet_well
0.03125,129110.07635589
0.09375,132045.0033058
0.21875,133923.31439055
0.46875,134734.95054079
0.96875,134721.1095124
1.96875,134211.99108402
2.96875,133773.66239164
3.96875,133480.03663241
4.96875,133293.82268186
5.96875,133174.71569459
6.96875,133096.04786315
7.96875,133042.30662949
8.96875,133004.63124835
9.96875,132977.80121996
10,132977.13374752
