time,E_hw_wet_well
0.03125,129109.98787935
0.09375,132044.8013541
0.21875,133922.99300398
0.46875,134734.52351597
0.96875,134720.60942646
1.96875,134211.45724567
2.96875,133773.13527697
3.96875,133479.52278311
4.96875,133293.31976393
5.96875,133174.21986351
6.96875,133095.55573424
7.96875,133041.81560824
8.96875,133004.13937146
9.96875,132977.30700314
10,132976.63943436
