time,E_hw_wet_well
0.03125,129110.05351611
0.09375,132044.95138234
0.21875,133923.23052005
0.46875,134734.8358529
0.96875,134720.96823791
1.96875,134211.82525556
2.96875,133773.48237719
3.96875,133479.84416462
4.96875,133293.61717334
5.96875,133174.49616915
6.96875,133095.81347079
7.96875,133042.05673122
8.96875,133004.36535252
9.96875,132977.51895238
10,132976.85096328
