time,E_hw_wet_well
0.03125,129110.01634098
0.09375,132044.86785765
0.21875,133923.09862585
0.46875,134734.66122717
0.96875,134720.76401133
1.46875,134268.26512783
2.46875,133634.83216038
3.46875,133283.99743057
4.46875,133093.44271574
5.46875,132987.02948453
6.46875,132924.65285239
7.46875,132886.35314641
8.46875,132862.14477486
9.46875,132846.78345315
10,132841.35968542
