time,E_hw_wet_well
0.03125,129109.97736169
0.09375,132044.77672791
0.21875,133922.95258943
0.46875,134734.46668745
0.96875,134720.53516715
1.96875,134211.36059472
2.96875,133773.02071204
3.96875,133479.39105723
4.96875,133293.17055094
5.46875,133230.11556867
6.46875,133136.87869377
7.46875,133072.54247876
8.46875,133027.3157591
9.46875,132995.04330299
10,132982.04211559
