time,E_hw_wet_well
0.03125,129123.7670523
0.09375,132070.81842621
0.21875,133956.78033636
0.46875,134771.6925413
0.96875,134757.3996972
1.96875,134243.05033487
2.96875,133798.74136471
3.96875,133500.68859594
4.96875,133311.79137258
5.96875,133191.07531169
6.96875,133111.33480373
7.96875,133056.81257763
8.96875,133018.54554491
9.96875,132991.25560472
10,132990.57584178
