time,E_hw_wet_well
0.03125,129123.76360967
0.09375,132070.80800143
0.21875,133956.76219843
0.46875,134771.66717592
0.96875,134757.36798129
1.96875,134243.0124451
2.96875,133798.69962907
3.96875,133500.64343272
4.96875,133311.74263536
5.96875,133191.02277859
6.96875,133111.27826476
7.96875,133056.75189825
8.96875,133018.48062696
9.96875,132991.18636721
10,132990.50646799
