time,E_hw_wet_well
0.03125,129036.1179379
0.09375,131905.48406176
0.21875,133742.31871614
0.46875,134536.05923105
0.96875,134523.10060962
1.96875,134030.26309401
2.96875,133608.34852658
3.96875,133326.35500855
4.96875,133147.26364444
5.96875,133032.49254225
6.96875,132956.66368782
7.96875,132904.90148746
8.96875,132868.64808394
9.96875,132842.85752557
10,132842.21650094
