time,E_hw_wet_well
0.03125,129123.70462142
0.09375,132070.67432937
0.21875,133956.55017549
0.46875,134771.38623184
0.96875,134757.04026457
1.96875,134242.66513199
2.96875,133798.35936668
3.96875,133500.3145598
4.96875,133311.42361017
5.96875,133190.71107812
6.96875,133110.97168057
7.96875,133056.44868898
8.96875,133018.17949155
9.96875,132990.886333
10,132990.20645383
