time,E_hw_wet_well
0.03125,129123.80330289
0.09375,132070.89792576
0.21875,133956.90377861
0.46875,134771.85166273
0.96875,134757.57561
1.96875,134243.21545495
2.96875,133798.87966588
3.96875,133500.79745008
4.96875,133311.87168085
5.96875,133191.12859732
6.96875,133111.36240466
7.96875,133056.81553588
8.96875,133018.52465148
9.96875,132991.21143365
10,132990.53094573
