time,E_hw_wet_well
0.03125,129123.77309358
0.09375,132070.83178055
0.21875,133956.79938056
0.46875,134771.71241094
0.96875,134757.41091725
1.46875,134301.6356985
2.46875,133661.29423812
3.46875,133305.25101516
4.46875,133111.51567973
5.46875,133003.24821841
6.46875,132939.69754122
7.46875,132900.58143866
8.46875,132875.77470951
9.46875,132859.95934214
10,132854.33978736
