time,E_hw_wet_well
0.03125,129123.72886033
0.09375,132070.72892909
0.21875,133956.6350769
0.46875,134771.49373211
0.96875,134757.15333101
1.96875,134242.75705775
2.46875,133967.71964195
3.46875,133577.34998263
4.46875,133341.04127183
5.46875,133196.90726006
6.46875,133105.52101923
7.46875,133045.04823189
8.46875,133003.66814089
9.46875,132974.73727718
10,132963.28698983
