time,E_hw_wet_well
0.03125,129123.75023245
0.09375,132070.77422548
0.21875,133956.7040007
0.46875,134771.58175247
0.96875,134757.25070521
1.96875,134242.85015473
2.96875,133798.49914796
3.96875,133500.40587692
4.96875,133311.46763808
5.96875,133190.70971874
6.96875,133110.92662643
7.96875,133056.36126311
8.96875,133018.05068569
9.96875,132990.71688873
10,132990.03575295
