time,E_hw_wet_well
0.03125,129124.46494812
0.09375,132072.11681644
0.21875,133958.435899
0.46875,134773.47441029
0.96875,134759.11575863
1.96875,134244.44853874
2.96875,133799.79954198
3.96875,133501.49388348
4.96875,133312.43628511
5.96875,133191.6154993
6.96875,133111.79741596
7.96875,133057.2121124
8.96875,133018.89132594
9.96875,132991.55406617
10,132990.87292442
