time,E_hw_wet_well
0.03125,129134.37605256
0.09375,132090.81987379
0.21875,133982.70839735
0.46875,134800.15624429
0.96875,134785.49536061
1.96875,134267.03777595
2.96875,133818.07235881
3.96875,133516.59505387
4.96875,133325.62591061
5.96875,133203.66205482
6.96875,133123.08445708
7.96875,133067.94968467
8.96875,133029.21623597
9.96875,133001.56138892
10,133000.87182607
