time,E_hw_wet_well
0.03125,129134.3773709
0.09375,132090.81971786
0.21875,133982.7051538
0.46875,134800.14856948
0.96875,134785.47925993
1.96875,134267.00529243
2.96875,133818.02363046
3.96875,133516.53008639
4.96875,133325.54467494
5.96875,133203.56452315
6.96875,133122.97064438
7.96875,133067.81956972
8.96875,133029.06980006
9.96875,133001.39864557
10,133000.70857434
