time,E_hw_wet_well
0.03125,129135.62699536
0.09375,132093.18311507
0.21875,133985.78150919
0.46875,134803.54296673
0.96875,134788.85122144
1.96875,134269.91862597
2.46875,133991.83038126
3.46875,133596.61618727
4.46875,133357.43946105
5.46875,133211.67400257
6.46875,133119.2536729
7.46875,133058.05462528
8.46875,133016.14179251
9.46875,132986.81004365
10,132975.18869092
