time,E_hw_wet_well
0.03125,129135.61289176
0.09375,132093.15034724
0.21875,133985.72880184
0.46875,134803.47184463
0.96875,134788.7654042
1.96875,134269.82133412
2.46875,133991.7312961
3.46875,133596.51380184
4.46875,133357.3330709
5.46875,133211.56282373
6.46875,133119.13708123
7.46875,133057.93214131
8.46875,133016.01310899
9.46875,132986.67490877
10,132975.05004188
