time,E_hw_wet_well
0.03125,129135.61264159
0.09375,132093.14963857
0.21875,133985.72709215
0.46875,134803.46811325
0.96875,134788.75757578
1.96875,134269.80534012
2.46875,133991.71121512
3.46875,133596.48555541
4.46875,133357.29665844
5.46875,133211.51824971
6.46875,133119.08429953
7.46875,133057.87118106
8.46875,133015.94397226
9.46875,132986.59760845
10,132974.96840537
