time,E_hw_wet_well
0.03125,129135.5783126
0.09375,132093.0739397
0.21875,133985.60815163
0.46875,134803.31132712
0.96875,134788.57623307
1.96875,134269.61632323
2.96875,133820.10083141
3.46875,133650.18546546
4.46875,133410.4785327
5.46875,133258.84780799
5.96875,133206.93646143
6.96875,133128.92529281
7.96875,133074.14427402
8.46875,133053.55219807
9.46875,133021.09976599
10,133007.7746333
