time,E_hw_wet_well
0.03125,129135.57721752
0.09375,132093.07244234
0.21875,133985.60614488
0.46875,134803.30806234
0.96875,134788.57025007
1.96875,134269.60458367
2.96875,133820.0831935
3.96875,133518.19697815
4.96875,133326.97534664
5.96875,133204.85297229
6.96875,133124.16317529
7.96875,133068.94130953
8.96875,133030.13701373
9.96875,133002.42259107
10,133001.73134004
