time,E_hw_wet_well
0.03125,129135.62875518
0.09375,132093.19039004
0.21875,133985.79291362
0.46875,134803.55361997
0.96875,134788.85226234
1.96875,134269.89374379
2.96875,133820.35583022
3.96875,133518.44920712
4.96875,133327.20853438
5.96875,133205.06938565
6.96875,133124.36480017
7.46875,133095.3328999
8.46875,133050.33626658
8.96875,133033.12223231
9.96875,133005.85337657
10,133005.15266838
