time,E_hw_wet_well
0.03125,129146.23278568
0.09375,132113.20250867
0.21875,134011.76755273
0.46875,134832.11118796
0.96875,134817.07937228
1.96875,134294.02879986
2.96875,133839.86504015
3.96875,133534.58315714
4.96875,133341.31536686
5.96875,133217.96328024
6.96875,133136.45168142
7.96875,133080.632996
8.96875,133041.37887116
9.46875,133026.56953606
10,133013.39439374
