time,E_hw_wet_well
0.03125,129146.1711051
0.09375,132113.05910182
0.21875,134011.53784857
0.46875,134831.80553242
0.96875,134816.72139678
1.96875,134293.64731686
2.46875,134012.81676901
3.46875,133613.27425455
4.46875,133371.53732742
5.46875,133224.30233451
6.46875,133130.93644654
7.46875,133069.06259628
8.46875,133026.6455572
9.46875,132996.92553063
10,132985.13468881
