time,E_hw_wet_well
0.03125,129029.20771555
0.09375,131892.4889644
0.21875,133725.51035988
0.46875,134517.64682471
0.71875,134144.09065212
1.21875,133556.32963467
1.71875,133290.90844075
2.71875,132975.53849171
3.71875,132822.46993481
4.71875,132747.72133831
5.71875,132710.56004276
6.71875,132692.31268644
7.71875,132684.1639931
8.71875,132681.79433316
9.71875,132683.00143044
10,132683.88052357
