time,E_hw_wet_well
0.03125,129043.34224672
0.09375,131919.12894893
0.21875,133760.03868117
0.46875,134555.55503106
0.96875,134543.81202151
1.96875,134061.96467414
2.96875,133656.51075854
3.96875,133388.07848649
4.96875,133217.36771934
5.96875,133107.52568882
6.96875,133035.001229
7.96875,132985.74966095
8.96875,132951.50087677
9.96875,132927.35252767
10,132926.75707837
