time,E_hw_wet_well
0.03125,129083.72831161
0.09375,131995.29956124
0.21875,133858.83810374
0.46875,134664.10839657
0.96875,134651.3419541
1.96875,134154.98158935
2.96875,133732.19025828
3.96875,133450.42508887
4.96875,133271.45641209
5.96875,133156.67252881
6.96875,133080.88634469
7.96875,133029.26411097
8.96875,132993.21503827
9.96875,132967.66590456
10,132967.03300083
