time,E_hw_wet_well
0.03125,129083.67731366
0.09375,131995.18178722
0.21875,133858.6503146
0.46875,134663.85892009
0.96875,134651.04969011
1.96875,134154.66931879
2.96875,133731.88151882
3.96875,133450.12359972
4.96875,133271.16071338
5.96875,133156.38031539
6.96875,133080.59564057
7.46875,133053.4334674
8.46875,133011.52338869
9.46875,132981.41828327
10,132969.27496336
