time,E_hw_wet_well
0.03125,129083.67511817
0.09375,131995.18097478
0.21875,133858.65014942
0.46875,134663.85690371
0.96875,134651.04336542
1.96875,134154.65432369
2.46875,133892.17337294
3.46875,133522.38397133
4.46875,133298.50452752
5.46875,133161.4691571
6.46875,133074.60712019
7.46875,133017.36889579
8.46875,132978.42011798
9.46875,132951.36877628
10,132940.74082798
