time,E_hw_wet_well
0.03125,129106.79149897
0.09375,132038.78614881
0.21875,133915.21971714
0.46875,134726.02001729
0.96875,134712.55936021
1.96875,134207.60264317
2.46875,133939.2606818
3.46875,133559.92355922
4.46875,133330.25761274
5.46875,133189.90527071
6.46875,133100.93752958
7.46875,133042.20614554
8.46875,133002.1444396
9.46875,132974.24047412
10,132963.24265441
