time,E_hw_wet_well
0.03125,129046.04648431
0.09375,131924.23801058
0.21875,133766.67914977
0.46875,134562.86968998
0.96875,134551.14468344
1.96875,134068.95101251
2.96875,133663.19528389
3.96875,133394.55827042
4.96875,133223.72062118
5.96875,133113.80537729
6.96875,133041.24120211
7.96875,132991.97022803
8.96875,132957.71497473
9.96875,132933.56897343
10,132932.97374167
