time,E_hw_wet_well
0.03125,129046.02744091
0.09375,131924.19422559
0.21875,133766.60968731
0.46875,134562.77751305
0.96875,134551.03621705
1.96875,134068.83351589
2.46875,133816.24082321
3.46875,133462.91701488
4.46875,133249.179576
5.46875,133117.96256609
6.46875,133034.77490297
7.46875,132980.14468909
8.46875,132943.14945466
9.46875,132917.60161206
10,132907.62818903
