time,E_hw_wet_well
0.03125,129046.04499011
0.09375,131924.23406966
0.21875,133766.67110288
0.46875,134562.85357185
0.96875,134551.11223307
1.96875,134068.88549934
2.46875,133816.27553929
3.46875,133462.91684439
4.46875,133249.14556638
5.46875,133117.89578677
6.46875,133034.67625412
7.46875,132980.01479794
8.46875,132942.98876118
9.46875,132917.41044817
10,132907.42095307
