time,E_hw_wet_well
0.03125,129063.15556217
0.09375,131956.48964604
0.21875,133808.48601871
0.46875,134608.77195741
0.96875,134596.59420772
1.96875,134108.27883387
2.46875,133851.42861478
3.46875,133490.98736848
4.46875,133272.84200431
5.46875,133139.09358263
6.46875,133054.31299473
7.46875,132998.55621929
8.46875,132960.71945139
9.46875,132934.52608687
10,132924.27260492
