time,E_hw_wet_well
0.03125,129063.15578366
0.09375,131956.48980554
0.21875,133808.48519721
0.46875,134608.76884767
0.96875,134596.58671257
1.96875,134108.26287314
2.46875,133851.40852212
3.46875,133490.95904738
4.46875,133272.80548811
5.46875,133139.04888486
6.46875,133054.26012386
7.46875,132998.49518026
8.46875,132960.65024067
9.46875,132934.44871192
9.734375,132927.55607244
10,132922.35326376
