time,E_hw_wet_well
0.03125,129063.14874322
0.09375,131956.47373515
0.21875,133808.46009585
0.46875,134608.73624608
0.96875,134596.54938777
1.96875,134108.22430232
2.96875,133695.11780723
3.96875,133420.79124212
4.96875,133246.41145903
5.96875,133134.37076075
6.96875,133060.40024798
7.96875,133010.10226802
8.46875,132991.62990624
9.46875,132962.85425691
10,132951.19819393
