time,E_hw_wet_well
0.03125,129069.20847008
0.09375,131967.9189606
0.21875,133823.33200261
0.46875,134625.10917466
0.96875,134612.80169604
1.96875,134122.32551628
2.96875,133706.63060366
3.96875,133430.31211114
4.96875,133254.6987552
5.96875,133141.92019524
6.96875,133067.4634508
7.96875,133016.81310338
8.96875,132981.50636684
9.96875,132956.53869139
10,132955.92141692
