time,E_hw_wet_well
0.03125,129086.45816373
0.09375,132000.45601934
0.21875,133865.53771167
0.46875,134671.48351706
0.96875,134658.72263979
1.96875,134161.97432686
2.96875,133738.85075086
3.96875,133456.86825519
4.96875,133277.76689715
5.96875,133162.90344458
6.96875,133087.07011265
7.96875,133035.42082717
8.96875,132999.35776318
9.96875,132973.80345827
10,132973.17053376
