time,E_hw_wet_well
0.03125,129086.44196238
0.09375,132000.41557563
0.21875,133865.47031961
0.46875,134671.39089273
0.96875,134658.60959504
1.96875,134161.84535045
2.46875,133899.15332538
3.46875,133529.06815685
4.46875,133305.01481981
5.46875,133167.87919724
6.46875,133080.96000028
7.46875,133023.69034726
7.96875,133003.18098897
8.96875,132971.61863734
9.96875,132949.16279332
10,132948.60497058
