time,E_hw_wet_well
0.03125,129086.39921152
0.09375,132000.3136922
0.21875,133865.30519199
0.46875,134671.16994509
0.96875,134658.35115647
1.96875,134161.57295653
2.96875,133738.4506913
3.96875,133456.47464861
4.96875,133277.37799171
5.96875,133162.51640455
6.96875,133086.68240196
7.96875,133035.03050902
8.96875,132998.96339039
9.96875,132973.4039454
10,132972.77084089
