time,E_hw_wet_well
0.03125,129086.48957047
0.09375,132000.52520739
0.21875,133865.64423091
0.46875,134671.61927928
0.96875,134658.87063144
1.96875,134162.10957888
2.96875,133738.96000916
3.96875,133456.94949724
4.96875,133277.82102161
5.96875,133162.93179118
6.96875,133087.07383285
7.96875,133035.40080039
8.96875,132999.31465815
9.96875,132973.73777438
10,132973.10415027
