time,E_hw_wet_well
0.03125,129086.43974265
0.09375,132000.41017363
0.21875,133865.46080013
0.46875,134671.37639188
0.96875,134658.58898857
1.96875,134161.81579681
2.96875,133738.67764075
3.96875,133456.68230419
4.96875,133277.56756556
5.96875,133162.68981762
6.21875,133134.66000789
6.71875,133094.5062698
7.71875,133037.94688032
8.71875,132999.84229127
9.71875,132973.36206722
10,132967.67914222
