time,E_hw_wet_well
0.03125,129086.3650065
0.09375,132000.24063076
0.21875,133865.19233258
0.46875,134671.02204249
0.96875,134658.1789343
1.96875,134161.3887203
2.96875,133738.2674534
3.96875,133456.29437122
4.96875,133277.19976412
5.96875,133162.33886147
6.96875,133086.50442264
7.46875,133059.32576986
8.46875,133017.3923476
9.46875,132987.2729954
10,132975.12506596
