time,E_hw_wet_well
0.03125,129086.44417833
0.09375,132000.42410333
0.21875,133865.48452549
0.46875,134671.40754106
0.96875,134658.62304958
1.96875,134161.84579082
2.96875,133738.6999626
3.96875,133456.69637257
4.96875,133277.57357791
5.96875,133162.688113
6.96875,133086.83224647
7.96875,133035.16002929
8.46875,133016.14307208
9.46875,132986.46087472
10,132974.405289
