time,E_hw_wet_well
0.03125,129086.46919251
0.09375,132000.48160668
0.21875,133865.5751701
0.46875,134671.52511183
0.96875,134658.75507839
1.96875,134161.97508669
2.96875,133738.81528528
3.96875,133456.7960097
4.96875,133277.65830562
5.96875,133162.75905651
6.96875,133086.89039002
7.96875,133035.20612383
8.96875,132999.1083431
9.96875,132973.51952435
10,132972.88552343
