time,E_hw_wet_well
0.03125,129041.99314934
0.09375,131916.58594606
0.21875,133756.74869166
0.46875,134551.94708322
0.96875,134538.86335975
1.96875,134043.91444953
2.96875,133619.47037271
3.96875,133335.52875746
4.96875,133155.22206574
5.96875,133039.71257553
6.96875,132963.38747327
7.96875,132911.25843774
8.96875,132874.72147061
9.46875,132860.98258614
10,132848.79020886
