time,E_hw_wet_well
0.03125,129086.39527651
0.09375,132000.30730926
0.21875,133865.29612095
0.46875,134671.15576436
0.96875,134658.32569631
1.21875,134374.98539868
1.46875,134133.03261795
1.96875,133752.68943783
2.96875,133300.45086829
3.96875,133071.00951612
4.96875,132951.65863277
5.96875,132886.54460531
6.96875,132849.26679187
7.96875,132827.26153017
8.96875,132814.31342968
9.96875,132807.15837171
10,132807.02589197
