time,E_hw_wet_well
0.03125,129103.59861323
0.09375,132032.77636302
0.21875,133907.44242482
0.46875,134717.49939937
0.96875,134704.22776715
1.96875,134201.10493832
2.46875,133934.06489731
2.96875,133751.84833329
3.96875,133473.9116796
4.96875,133292.97908507
5.96875,133175.74177124
6.96875,133098.07123068
7.96875,133045.18110874
8.96875,133008.3275898
9.96875,132982.28277821
10,132981.63922939
