time,E_hw_wet_well
0.03125,129103.59838734
0.09375,132032.77511377
0.21875,133907.43898982
0.46875,134717.49172947
0.96875,134704.21193201
1.96875,134201.0727343
2.46875,133934.02453344
3.46875,133556.83567595
4.46875,133328.47083016
5.46875,133188.86002907
6.46875,133100.36656142
7.46875,133041.97770846
8.46875,133002.17660496
9.46875,132974.47671166
10,132963.5692392
