time,E_hw_wet_well
0.03125,129109.54197853
0.09375,132043.98010136
0.21875,133921.9664324
0.46875,134733.44544863
0.96875,134719.98405223
1.96875,134214.61499666
2.96875,133781.44779059
3.96875,133491.89813771
4.96875,133308.15698023
5.96875,133190.50355696
6.96875,133112.80906849
7.96875,133059.7978281
8.96875,133022.69497447
9.96875,132996.3256916
10,132995.67084871
