time,E_hw_wet_well
0.03125,129117.72554468
0.09375,132059.41952097
0.21875,133941.99538925
0.46875,134755.45260354
0.96875,134741.74922683
1.96875,134233.30337582
2.21875,134050.4058888
2.71875,133779.01861284
3.71875,133436.58667306
4.71875,133243.23988081
5.71875,133129.04941757
6.71875,133057.68341375
7.71875,133010.87825423
8.71875,132979.15937014
9.71875,132957.30894785
10,132952.67827634
