time,E_hw_wet_well
0.03125,129117.70650458
0.09375,132059.37777098
0.21875,133941.92817705
0.46875,134755.36120197
0.96875,134741.63867905
1.96875,134233.17929153
2.96875,133796.45229377
3.96875,133504.24981275
4.96875,133318.89506794
5.96875,133200.27489092
6.96875,133121.93727119
7.96875,133068.45793371
8.96875,133031.00031711
9.96875,133004.35523383
10,133003.69302077
