time,E_hw_wet_well
0.03125,129126.34561069
0.09375,132075.66931779
0.21875,133963.05621538
0.46875,134778.5682577
0.96875,134764.57040003
1.96875,134252.81656503
2.46875,133979.94522375
3.46875,133593.37911559
4.46875,133359.38503141
5.46875,133216.5505393
6.46875,133126.00366154
7.46875,133066.15733648
8.46875,133025.27062002
8.96875,133010.20921225
9.96875,132986.79567955
10,132986.20569187
