time,E_hw_wet_well
0.03125,129140.13419195
0.09375,132101.67327919
0.21875,133996.78223941
0.46875,134815.6173082
0.96875,134801.17717209
1.96875,134284.13944897
2.96875,133837.61273011
3.96875,133538.16950349
4.96875,133348.42894122
5.96875,133227.17621935
6.96875,133147.08161442
7.96875,133092.32234536
8.96875,133053.89471267
9.96875,133026.49516265
10,133025.81277436
