time,E_hw_wet_well
0.03125,129003.75361937
0.09375,131844.53576414
0.21875,133663.36192497
0.46875,134449.40614005
0.96875,134438.76117825
1.96875,133972.32960298
2.96875,133586.16814908
3.96875,133333.03658259
4.96875,133171.93409886
5.46875,133116.7588875
6.46875,133035.03653127
7.46875,132979.10906739
8.46875,132940.28022174
9.46875,132912.9786392
9.734375,132905.73034495
10,132900.22466823
