time,E_hw_wet_well
0.03125,129013.88649371
0.09375,131863.61220948
0.21875,133688.06518086
0.46875,134476.50776033
0.96875,134465.62092534
1.96875,133995.74035436
2.46875,133751.96579548
3.46875,133413.70760912
4.46875,133209.42100643
5.46875,133083.62315292
6.46875,133003.82391399
7.46875,132951.58879611
8.46875,132916.38765139
9.46875,132892.21868638
10,132882.84408082
