time,E_hw_wet_well
0.03125,129025.01950636
0.09375,131884.60625936
0.21875,133715.30209853
0.46875,134506.44848126
0.96875,134495.34577608
1.96875,134021.6818936
2.46875,133775.21382466
3.46875,133432.34591163
3.96875,133320.82751732
4.96875,133164.17964895
5.96875,133063.6453433
6.96875,132997.76974359
7.96875,132953.4231588
8.96875,132922.8987785
9.96875,132901.67676494
10,132901.16020131
