time,E_hw_wet_well
0.03125,129041.9399842
0.09375,131916.46678351
0.21875,133756.56036177
0.46875,134551.69726615
0.96875,134538.57010532
1.96875,134043.59875249
2.96875,133619.15535196
3.96875,133335.21808991
4.96875,133154.91433049
5.96875,133039.40551544
6.96875,132963.07913047
7.96875,132910.94731017
8.96875,132874.40643249
9.96875,132848.38592602
10,132847.73862484
