time,E_hw_wet_well
0.03125,129025.0347428
0.09375,131884.6439999
0.21875,133715.36306656
0.46875,134506.52716278
0.96875,134495.42984869
1.96875,134021.75178729
2.46875,133775.27111087
3.46875,133432.37755595
4.46875,133225.15662243
4.96875,133157.73819801
5.96875,133060.63915238
6.96875,132996.05970478
7.96875,132952.22780962
8.96875,132921.9260238
9.96875,132900.81294291
10,132900.29804599
