time,E_hw_wet_well
0.03125,129037.35689312
0.09375,131907.85206168
0.21875,133745.42045227
0.46875,134539.50101769
0.96875,134528.08148538
1.96875,134050.09786062
2.96875,133649.73104822
3.96875,133385.35578589
4.96875,133217.16601449
5.96875,133108.82088997
6.96875,133037.28890983
7.96875,132988.77273953
8.96875,132955.09581688
9.46875,132942.55784838
10,132931.51541826
