time,E_hw_wet_well
0.03125,129037.40037827
0.09375,131907.95184389
0.21875,133745.57846048
0.46875,134539.70855753
0.96875,134528.31908546
1.96875,134050.33937092
2.46875,133800.82905275
3.46875,133452.78679209
4.46875,133242.33025731
5.46875,133112.97582631
6.46875,133030.95139526
7.46875,132977.14596093
8.46875,132940.76967483
9.46875,132915.69811414
10,132905.93181376
