time,E_hw_wet_well
0.03125,129037.36557447
0.09375,131907.86766938
0.21875,133745.44173606
0.46875,134539.52459948
0.96875,134528.09990527
1.96875,134050.09825803
2.96875,133649.71073766
3.46875,133501.55188499
4.46875,133291.42215858
4.96875,133219.61450728
5.96875,133114.49649754
6.96875,133043.51582457
7.96875,132994.69700497
8.96875,132960.49537846
9.96875,132936.28036639
10,132935.68115166
