time,E_hw_wet_well
0.03125,129051.57343948
0.09375,131934.66295513
0.21875,133780.20098795
0.46875,134577.72673763
0.96875,134565.9931948
1.96875,134083.04339248
2.96875,133676.64020802
3.96875,133407.55821134
4.96875,133236.43478209
5.96875,133126.34254294
6.96875,133053.66885626
7.96875,133004.32904281
8.96875,132970.03077481
9.96875,132945.85928843
10,132945.26353656
