time,E_hw_wet_well
0.03125,129051.58689687
0.09375,131934.69420764
0.21875,133780.24992256
0.46875,134577.78935649
0.96875,134566.0614988
1.96875,134083.10548217
2.96875,133676.68981968
3.96875,133407.59442234
4.96875,133236.45803522
5.96875,133126.35347226
6.96875,133053.66800599
7.96875,133004.3168256
8.96875,132970.00746098
9.96875,132945.82514122
10,132945.22905379
