time,E_hw_wet_well
0.03125,129051.55453548
0.09375,131934.61901489
0.21875,133780.13001531
0.46875,134577.63020673
0.96875,134565.87495391
1.96875,134082.90566572
2.96875,133676.49159229
3.96875,133407.40004037
4.96875,133236.26650104
5.96875,133126.16331462
6.96875,133053.47796442
7.96875,133004.1259433
8.96875,132969.81506267
9.96875,132945.63066078
10,132945.03449855
