time,E_hw_wet_well
0.03125,129051.58639797
0.09375,131934.69231875
0.21875,133780.24608451
0.46875,134577.78214563
0.96875,134566.04740178
1.96875,134083.07742333
2.96875,133676.64768014
3.96875,133407.53814276
4.96875,133236.38761083
5.96875,133126.26890844
6.96875,133053.56930212
7.46875,133027.57378355
8.46875,132987.59112544
9.46875,132959.00225084
10,132947.52709944
