time,E_hw_wet_well
0.03125,129051.5633924
0.09375,131934.63735913
0.21875,133780.15675325
0.46875,134577.66245202
0.96875,134565.90764368
1.96875,134082.93108507
2.46875,133829.92836561
3.46875,133476.00437673
4.46875,133261.88627459
5.46875,133130.43374629
6.46875,133047.09797256
7.46875,132992.36997361
8.46875,132955.30738929
9.46875,132929.71216927
10,132919.71996893
