time,E_hw_wet_well
0.03125,129051.5730292
0.09375,131934.66101742
0.21875,133780.19549425
0.46875,134577.71394469
0.96875,134565.96597763
1.96875,134082.987568
2.46875,133829.98048414
3.46875,133476.04746016
4.46875,133261.9209248
5.46875,133130.46061688
5.96875,133086.63103966
6.96875,133021.92649181
7.96875,132977.4469087
8.46875,132961.04625795
9.46875,132935.63196387
10,132925.43966521
