time,E_hw_wet_well
0.03125,129058.46451871
0.09375,131947.65901881
0.21875,133797.05097536
0.46875,134596.22156964
0.96875,134582.68864398
1.96875,134081.72537112
2.96875,133650.19070395
3.96875,133360.85722394
4.96875,133177.23303386
5.46875,133115.03375714
6.46875,133023.04968656
7.46875,132959.54479257
8.46875,132914.86401384
9.46875,132882.94534733
10,132870.07110911
