time,E_hw_wet_well
0.03125,129051.55689006
0.09375,131934.6273655
0.21875,133780.14296662
0.46875,134577.64334766
0.96875,134565.88063416
1.96875,134082.89003357
2.96875,133676.45235883
3.96875,133407.33691219
4.96875,133236.1796824
5.96875,133126.05305653
6.96875,133053.34446985
7.96875,133003.96936947
8.96875,132969.63552412
9.96875,132945.42825136
10,132944.83137579
