time,E_hw_wet_well
0.03125,129051.57188379
0.09375,131934.65823252
0.21875,133780.18994173
0.46875,134577.70305736
0.96875,134565.94426213
1.96875,134082.94393458
2.46875,133829.92579659
3.46875,133475.97063546
4.46875,133261.82196262
5.46875,133130.33952569
6.46875,133046.97437908
7.46875,132992.21739495
8.46875,132955.12611399
9.46875,132929.50240561
10,132919.49509716
