time,E_hw_wet_well
0.03125,129060.42494009
0.09375,131951.35877563
0.21875,133801.85930354
0.46875,134601.52335821
0.96875,134589.56558457
1.96875,134103.44257444
2.46875,133848.23760809
3.46875,133490.62595379
4.46875,133274.21837191
5.46875,133141.44687906
6.46875,133057.27823654
7.46875,133001.95908701
8.46875,132964.45311412
9.46875,132938.51616633
10,132928.37500424
