time,E_hw_wet_well
0.03125,129060.38674137
0.09375,131951.2728544
0.21875,133801.72355829
0.46875,134601.34424775
0.96875,134589.35834437
1.96875,134103.22677496
2.96875,133693.01264564
3.96875,133420.97455873
4.96875,133248.00235828
5.96875,133136.79262224
6.96875,133063.3726631
7.96875,133013.48220347
8.96875,132978.75804137
9.96875,132954.24810885
10,132953.64316205
