time,E_hw_wet_well
0.03125,129068.76563501
0.09375,131967.09324314
0.21875,133822.27507543
0.46875,134623.96493175
0.96875,134611.81224133
1.96875,134122.71991015
2.96875,133708.93502694
3.96875,133434.14374817
4.96875,133259.46651387
5.96875,133147.23967911
6.96875,133073.15205707
7.96875,133022.77939194
8.96875,132987.6918117
9.96875,132962.90171113
10,132962.2893304
