time,E_hw_wet_well
0.03125,129068.77421433
0.09375,131967.11285559
0.21875,133822.30571174
0.46875,134624.00395016
0.96875,134611.85394536
1.96875,134122.75551696
2.46875,133865.47443241
3.46875,133504.40806202
4.46875,133285.87182477
5.46875,133151.8816835
6.46875,133066.94812092
7.46875,133011.0903903
8.46875,132973.18465292
9.46875,132946.94334964
10,132936.67108194
