time,E_hw_wet_well
0.03125,129068.68672114
0.09375,131966.91105481
0.21875,133821.98458891
0.46875,134623.57954685
0.96875,134611.36246187
1.96875,134122.24352968
2.96875,133708.46873896
3.96875,133433.69327699
4.96875,133259.02950553
5.96875,133146.81252785
6.96875,133072.73169011
7.96875,133022.36347897
8.96875,132987.27858805
9.96875,132962.48987403
10,132961.87750964
