time,E_hw_wet_well
0.03125,129068.76143648
0.09375,131967.08415815
0.21875,133822.25985754
0.46875,134623.94164628
0.96875,134611.77727122
1.96875,134122.66511542
2.96875,133708.86165212
3.96875,133434.05198359
4.96875,133259.35629822
5.96875,133147.11086727
6.96875,133073.00453396
7.96875,133022.61308166
8.96875,132987.50666422
9.96875,132962.69769733
10,132962.08471873
