time,E_hw_wet_well
0.03125,129068.69700385
0.09375,131966.93628455
0.21875,133822.02398064
0.46875,134623.62803008
0.96875,134611.4103529
1.96875,134122.27494637
2.46875,133864.99691027
3.46875,133503.93815274
4.46875,133285.40542117
5.46875,133151.41439806
6.46875,133066.47653068
7.46875,133010.61199915
8.46875,132972.69765741
9.46875,132946.44642957
10,132936.16844159
