time,E_hw_wet_well
0.03125,129068.6867331
0.09375,131966.9106509
0.21875,133821.98261079
0.46875,134623.57349547
0.96875,134611.34733018
1.96875,134122.20945492
2.46875,133864.93334328
3.46875,133503.87861298
4.46875,133285.34925327
5.46875,133151.36094985
6.46875,133066.42528673
7.46875,133010.56259084
8.46875,132972.64981175
9.46875,132946.39994476
10,132936.12261477
