time,E_hw_wet_well
0.03125,129068.72944674
0.09375,131967.01012216
0.21875,133822.14115312
0.46875,134623.78293409
0.96875,134611.5896783
1.96875,134122.46154967
2.46875,133865.1780576
3.46875,133504.10773026
4.46875,133285.56515387
5.46875,133151.56616071
6.46875,133066.62176889
7.46875,133010.75177288
8.46875,132972.83273111
9.46875,132946.57736587
10,132936.29737007
