time,E_hw_wet_well
0.03125,129074.77072135
0.09375,131978.40778952
0.21875,133836.93273883
0.46875,134640.04752642
0.96875,134627.7187075
1.96875,134136.44172024
2.46875,133877.66119861
3.46875,133514.11504484
4.46875,133294.06151848
5.46875,133159.20745351
6.46875,133073.7337928
7.46875,133017.49745569
8.46875,132979.31224358
9.46875,132952.85949246
10,132942.49666522
