time,E_hw_wet_well
0.03125,129071.95523384
0.09375,131973.09863088
0.21875,133830.03510549
0.46875,134632.44337789
0.96875,134618.50971801
1.96875,134112.53569328
2.46875,133841.88020583
3.46875,133457.37167226
4.46875,133224.37655858
5.46875,133082.21262673
6.46875,132992.05624055
7.46875,132932.36048469
8.46875,132891.47136117
9.46875,132862.84744856
10,132851.50296901
