time,E_hw_wet_well
0.03125,129074.75602803
0.09375,131978.37320321
0.21875,133836.87548213
0.46875,134639.96618029
0.96875,134627.61108928
1.96875,134136.2993551
2.46875,133877.50535088
2.96875,133702.01754558
3.96875,133434.27785972
4.96875,133259.49269029
5.96875,133146.12205265
6.96875,133071.13671939
7.96875,133020.21912722
8.96875,132984.85576929
9.96875,132959.96729001
10,132959.3546037
