time,E_hw_wet_well
0.03125,129077.69632295
0.09375,131983.92601768
0.21875,133844.09019676
0.46875,134647.90951355
0.96875,134635.4976121
1.96875,134143.14419741
2.96875,133725.49406789
3.96875,133447.74024977
4.96875,133271.22761965
5.96875,133157.89676521
6.96875,133083.07460665
7.96875,133032.16358094
8.96875,132996.6633274
9.96875,132971.54851984
10,132970.92737751
