time,E_hw_wet_well
0.03125,129092.06804528
0.09375,132011.04026962
0.21875,133879.27238322
0.46875,134686.58205845
0.96875,134673.8080008
1.96875,134176.23673421
2.96875,133752.41427793
3.96875,133469.97123362
4.96875,133290.58319286
5.96875,133175.54172277
6.96875,133099.59639348
7.96875,133047.87614622
8.96875,133011.76858456
9.96875,132986.18762644
10,132985.55414678
