time,E_hw_wet_well
0.03125,129092.05739673
0.09375,132011.01467262
0.21875,133879.23127474
0.46875,134686.5276484
0.96875,134673.74495844
1.96875,134176.17105717
2.46875,133913.04754776
3.46875,133542.36131861
4.46875,133317.95398304
5.46875,133180.61176877
6.46875,133093.57128548
7.46875,133036.23082266
8.46875,132997.2270799
9.46875,132970.15163705
10,132959.52063887
