time,E_hw_wet_well
0.03125,129092.00658795
0.09375,132010.89738818
0.21875,133879.04432368
0.46875,134686.27986531
0.96875,134673.45619615
1.96875,134175.86604619
2.96875,133752.05358535
3.96875,133469.62509403
4.96875,133290.24980065
5.96875,133175.2182815
6.96875,133099.28054563
7.96875,133047.56598665
8.96875,133011.46270881
9.96875,132985.88500181
10,132985.25160663
