time,E_hw_wet_well
0.03125,129091.98012209
0.09375,132010.83946412
0.21875,133878.95342885
0.46875,134686.15999078
0.96875,134673.31751523
1.96875,134175.72156761
2.96875,133751.9147704
3.96875,133469.49378044
4.96875,133290.12528037
5.96875,133175.09945356
6.96875,133099.16644748
7.96875,133047.45588351
8.96875,133011.35605281
9.96875,132985.7813725
10,132985.14806717
