time,E_hw_wet_well
0.03125,129092.0883011
0.09375,132011.08408786
0.21875,133879.33958074
0.46875,134686.66797451
0.96875,134673.90272009
1.96875,134176.32610375
2.21875,133998.03433891
2.71875,133735.1146135
3.71875,133404.26072267
4.71875,133216.93696362
5.71875,133106.05076003
6.71875,133036.8575757
7.71875,132991.63466027
8.71875,132961.10685827
9.71875,132940.18051011
10,132935.76881902
