time,E_hw_wet_well
0.03125,129083.62939847
0.09375,131995.12319531
0.21875,133858.60220838
0.46875,134663.82492192
0.96875,134649.5405405
1.96875,134139.18489107
2.96875,133696.74227332
3.96875,133399.22133352
4.96875,133210.59361155
5.96875,133090.09591351
6.96875,133010.45832758
7.96875,132955.91828914
8.96875,132917.55277482
9.96875,132890.11534035
10,132889.43020109
