time,E_hw_wet_well
0.03125,129092.03642282
0.09375,132010.96608851
0.21875,133879.15330942
0.46875,134686.42300606
0.71875,134305.50129548
1.21875,133703.77202744
2.21875,133081.42585521
3.21875,132826.48306263
4.21875,132725.787607
5.21875,132687.80301048
6.21875,132675.55100046
7.21875,132674.32669902
8.21875,132678.20996355
9.21875,132684.72340492
10,132690.94886091
