time,E_hw_wet_well
0.03125,129092.08621492
0.09375,132011.08132295
0.21875,133879.33644163
0.46875,134686.66396723
0.96875,134673.89641164
1.96875,134176.31434891
2.46875,133913.17836556
3.46875,133542.46657099
4.46875,133318.03525653
5.46875,133180.67077641
6.46875,133093.60937096
7.46875,133036.24897207
8.46875,132997.22600195
9.46875,132970.13188981
10,132959.49114369
