time,E_hw_wet_well
0.03125,129092.03856419
0.09375,132010.97088921
0.21875,133879.16052567
0.46875,134686.43147943
0.96875,134673.62713563
1.96875,134176.03372412
2.96875,133752.20291593
3.96875,133469.7536869
4.96875,133290.35859441
5.96875,133175.30873675
6.96875,133099.35393838
7.46875,133072.13409956
8.46875,133030.1405434
9.46875,132999.98232394
10,132987.82071649
