time,E_hw_wet_well
0.03125,129092.0780242
0.09375,132011.06132832
0.21875,133879.30344804
0.46875,134686.61849238
0.96875,134673.83993731
1.21875,134390.02721614
1.71875,133926.12168978
2.71875,133381.40939436
3.71875,133111.73062203
4.71875,132975.26768142
5.71875,132902.7749322
6.71875,132862.18775166
7.71875,132838.61048016
8.71875,132824.86582072
9.71875,132817.28331589
10,132816.08458865
