time,E_hw_wet_well
0.03125,128989.43370069
0.09375,131817.45756265
0.21875,133628.19619855
0.46875,134410.73730694
0.96875,134399.13694097
1.96875,133924.73228046
2.96875,133525.6253572
3.96875,133261.56109976
4.96875,133093.67256473
5.46875,133036.42268535
6.46875,132951.66508458
7.46875,132893.43093723
8.46875,132852.7567996
9.46875,132823.94743167
10,132812.43296162
