time,E_hw_wet_well
0.03125,129092.05490532
0.09375,132011.00839435
0.21875,133879.21963849
0.46875,134686.50814483
0.96875,134673.71244999
1.96875,134176.11480793
2.96875,133752.27201456
3.96875,133469.80959347
4.96875,133290.40178153
5.96875,133175.33995246
6.96875,133099.37382202
7.96875,133047.63234467
8.96875,133011.50325159
9.96875,132985.90055858
10,132985.26639748
