time,E_hw_wet_well
0.03125,129092.00173473
0.09375,132010.8876123
0.21875,133879.02775228
0.46875,134686.25327847
0.96875,134673.41393395
1.96875,134175.79593044
2.46875,133912.6655146
3.46875,133541.96656444
4.46875,133317.54366877
5.46875,133180.18283078
6.46875,133093.12131841
7.46875,133035.75806888
8.46875,132996.73026751
9.46875,132969.62984902
10,132958.98526436
