time,E_hw_wet_well
0.03125,129006.22292091
0.09375,131849.10525367
0.21875,133669.2099834
0.46875,134455.75817279
0.96875,134443.74852716
1.96875,133963.52918634
2.96875,133557.31856035
3.96875,133287.65361816
4.96875,133116.24416602
5.96875,133006.06280712
6.96875,132933.2681546
7.96875,132883.72936593
8.96875,132849.18230622
9.96875,132824.7340652
10,132824.12923203
