time,E_hw_wet_well
0.03125,129092.0438462
0.09375,132010.98110773
0.21875,133879.1723886
0.46875,134686.4384909
0.96875,134673.61750687
1.96875,134175.98562942
2.46875,133912.83725227
3.46875,133542.10169805
4.46875,133317.64437953
5.46875,133180.25143959
6.46875,133093.15964092
7.46875,133035.76743681
8.46875,132996.71164924
9.46875,132969.58396575
10,132958.92513512
