time,E_hw_wet_well
0.03125,129109.16421191
0.09375,132043.24367936
0.21875,133920.97590691
0.46875,134732.31697479
0.96875,134718.96920714
1.96875,134214.9731787
2.96875,133783.70035611
3.96875,133495.65478764
4.96875,133312.84026701
5.96875,133195.74544262
6.96875,133118.43501115
7.96875,133065.71876294
8.96875,133028.85316132
9.46875,133015.02399825
10,133002.77443721
