time,E_hw_wet_well
0.03125,129109.19382953
0.09375,132043.3117457
0.21875,133921.08192434
0.46875,134732.45360206
0.96875,134719.12005046
1.96875,134215.11440734
2.96875,133783.81835495
3.96875,133495.74739975
4.96875,133312.90835488
5.96875,133195.79033521
6.96875,133118.45787596
7.46875,133090.71680763
8.46875,133047.86535843
9.46875,133017.03438248
10,133004.57684378
