time,E_hw_wet_well
0.03125,129109.1730441
0.09375,132043.26795977
0.21875,133921.01404907
0.46875,134732.36436381
0.96875,134719.01698677
1.96875,134215.00708691
2.96875,133783.71520902
3.96875,133495.64979595
4.96875,133312.81578042
5.96875,133195.70197289
6.96875,133118.37301536
7.96875,133065.63859838
8.96875,133028.75508829
9.96875,133002.56436923
10,133001.91445404
