time,E_hw_wet_well
0.03125,129109.17671012
0.09375,132043.27062669
0.21875,133921.01473669
0.46875,134732.36264067
0.71875,134349.38873679
1.21875,133743.58395318
1.71875,133462.12551896
2.71875,133115.07444676
3.21875,133020.96333245
4.21875,132905.77652263
5.21875,132843.5865149
6.21875,132809.56486112
7.21875,132790.99516293
8.21875,132781.40261128
9.21875,132777.37376578
10,132776.92661482
