time,E_hw_wet_well
0.03125,129109.22588428
0.09375,132043.38543828
0.21875,133921.19843928
0.46875,134732.60562522
0.96875,134719.29147715
1.96875,134215.28263133
2.96875,133783.96825909
3.96875,133495.87657534
4.96875,133313.01771057
5.46875,133250.99401176
6.46875,133159.28377715
7.46875,133096.09754847
8.46875,133051.77261383
9.46875,133020.2230323
10,133007.54765795
