time,E_hw_wet_well
0.03125,129109.2079081
0.09375,132043.34353697
0.21875,133921.13067363
0.46875,134732.51444525
0.96875,134719.18342825
1.96875,134215.16547638
2.96875,133783.85095113
3.96875,133495.76059728
4.96875,133312.90257127
5.96875,133195.76619698
6.96875,133118.41593243
7.96875,133065.66117169
8.96875,133028.75804085
9.96875,133002.54824406
10,133001.89774898
