time,E_hw_wet_well
0.03125,129115.11947786
0.09375,132054.47708842
0.21875,133935.54605324
0.46875,134748.32496741
0.96875,134734.80358266
1.96875,134228.57986682
2.96875,133794.72608864
3.96875,133504.75358266
4.96875,133320.76878126
5.96875,133202.97674157
6.96875,133125.20612498
7.96875,133072.1577398
8.96875,133035.04284895
9.96875,133008.67829044
10,133008.02386028
