time,E_hw_wet_well
0.03125,129115.18374222
0.09375,132054.62299762
0.21875,133935.775819
0.46875,134748.62618245
0.96875,134735.14949005
1.96875,134228.93606851
2.46875,133959.92977029
3.46875,133579.68931763
4.46875,133349.50784428
5.46875,133208.8591344
6.46875,133119.71948085
7.46875,133060.89089926
8.46875,133020.77863167
9.46875,132992.85433771
10,132981.85519552
