time,E_hw_wet_well
0.03125,129115.2167004
0.09375,132054.70090201
0.21875,133935.90109643
0.46875,134748.79245278
0.96875,134735.34226744
1.96875,134229.13623987
2.46875,133960.12365285
3.46875,133579.86979901
4.46875,133349.67669141
5.46875,133209.01833706
6.46875,133119.87060462
7.46875,133061.03510151
8.46875,133020.91675248
9.46875,132992.98699205
10,132981.98515376
