time,E_hw_wet_well
0.03125,128997.58616964
0.09375,131832.80647519
0.21875,133648.06301378
0.46875,134432.51611903
0.96875,134420.07857468
1.96875,133936.46632916
2.46875,133680.69823215
3.46875,133320.29782307
4.46875,133102.02181707
5.46875,132968.33917828
6.46875,132883.53033715
7.46875,132827.5783409
8.46875,132789.44233398
9.46875,132762.89575578
10,132752.4390526
