time,E_hw_wet_well
0.03125,129115.20506551
0.09375,132054.67671329
0.21875,133935.86330383
0.46875,134748.74135209
0.96875,134735.27984796
1.96875,134229.0635073
2.96875,133795.17666095
3.96875,133505.16467337
4.96875,133321.14287959
5.96875,133203.31774919
6.96875,133125.51744923
7.96875,133072.44200447
8.96875,133035.3020153
9.96875,133008.91383111
10,133008.25868915
