time,E_hw_wet_well
0.03125,129115.18342375
0.09375,132054.62201839
0.21875,133935.77353732
0.46875,134748.62130933
0.96875,134735.13949933
1.96875,134228.91570369
2.46875,133959.90420779
3.46875,133579.65334589
4.46875,133349.46143066
5.46875,133208.80232154
6.46875,133119.65227066
7.46875,133060.8132999
8.46875,133020.69064734
9.46875,132992.75597235
10,132981.75130288
