time,E_hw_wet_well
0.03125,129115.17587493
0.09375,132054.60847896
0.21875,133935.75306868
0.46875,134748.5928071
0.96875,134735.10211575
1.96875,134228.86623475
2.96875,133794.9738984
3.96875,133504.95872982
4.96875,133320.93294555
5.96875,133203.10250984
6.96875,133125.29575389
7.96875,133072.21297782
8.96875,133035.0649885
9.96875,133008.66831254
10,133008.01289391
