time,E_hw_wet_well
0.03125,129029.08796752
0.09375,131892.23283033
0.21875,133725.14775621
0.46875,134517.21465351
0.96875,134504.65612576
1.96875,134016.37833692
2.46875,133758.15309341
3.46875,133394.31419734
4.46875,133173.98515254
5.46875,133039.07370285
6.46875,132953.51219822
7.46875,132897.08870192
8.46875,132858.65481045
9.46875,132831.92333904
10,132821.40397085
