time,E_hw_wet_well
0.03125,129115.21759757
0.09375,132054.70052904
0.21875,133935.89755063
0.46875,134748.78281238
0.96875,134735.32098284
1.96875,134229.0922653
2.96875,133795.18891102
3.96875,133505.15979023
4.96875,133321.12114653
5.96875,133203.27959789
6.96875,133125.46324182
7.96875,133072.37204564
8.96875,133035.21652042
9.96875,133008.81297729
10,133008.15735505
