time,E_hw_wet_well
0.03125,129029.07385629
0.09375,131892.20151134
0.21875,133725.09819375
0.46875,134517.14895591
0.96875,134504.57985987
1.96875,134016.29872575
2.46875,133758.0757036
3.46875,133394.24158181
4.46875,133173.91660127
5.46875,133039.00843719
6.46875,132953.44960653
7.46875,132897.02831501
8.46875,132858.59631353
9.46875,132831.8664958
10,132821.34792588
