time,E_hw_wet_well
0.03125,129115.19450038
0.09375,132054.65072355
0.21875,133935.81967101
0.46875,134748.67985941
0.96875,134735.20077419
1.96875,134228.96426651
2.96875,133795.0627159
3.96875,133505.03695287
4.96875,133321.00109643
5.96875,133203.16141125
6.96875,133125.34613104
7.96875,133072.25537314
8.96875,133035.09981697
9.96875,133008.69589048
10,133008.04025084
