time,E_hw_wet_well
0.03125,129115.18070739
0.09375,132054.61911132
0.21875,133935.76951462
0.46875,134748.613661
0.96875,134735.1241663
1.96875,134228.88444689
2.96875,133794.98602445
3.96875,133504.96439552
4.96875,133320.9322815
5.46875,133258.54235947
6.46875,133166.29389982
7.46875,133102.7167407
8.46875,133058.09847608
9.46875,133026.32446004
10,133013.55212942
