time,E_hw_wet_well
0.03125,129115.16224726
0.09375,132054.57648943
0.21875,133935.70155011
0.46875,134748.5236022
0.71875,134364.84541599
1.21875,133757.6194716
1.71875,133474.81966179
2.71875,133125.1565168
3.71875,132947.72442128
4.71875,132858.43709354
5.71875,132812.70364697
6.71875,132788.9566971
7.71875,132776.9895442
8.71875,132771.83840271
9.71875,132770.94570774
10,132771.33853761
