time,E_hw_wet_well
0.03125,129115.19410098
0.09375,132054.64968
0.21875,133935.81714546
0.46875,134748.67422197
0.96875,134735.18895357
1.96875,134228.94014486
2.96875,133795.02633669
3.96875,133504.98830286
4.96875,133320.94018869
5.96875,133203.08825052
6.46875,133162.13104854
7.46875,133100.02030557
8.46875,133056.03609217
9.46875,133024.58022307
10,133011.90701446
