time,E_hw_wet_well
0.03125,129123.33780849
0.09375,132069.98784965
0.21875,133955.67841265
0.46875,134770.4574607
0.96875,134756.69689216
1.96875,134247.36782381
2.96875,133809.92563284
3.96875,133517.27584439
4.96875,133331.65647196
5.96875,133212.87813742
6.96875,133134.44603248
7.96875,133080.91239491
8.96875,133043.42652723
9.96875,133016.77060887
10,133016.10832797
