time,E_hw_wet_well
0.03125,129131.99456787
0.09375,132086.31424255
0.21875,133976.85332769
0.46875,134793.72016496
0.96875,134779.69257744
1.96875,134267.07835283
2.96875,133825.87150974
3.96875,133530.43763189
4.96875,133343.13592465
5.96875,133223.35424715
6.96875,133144.25804192
7.96875,133090.24479823
8.96875,133052.39907109
9.96875,133025.46661325
10,133024.79700948
