time,E_hw_wet_well
0.03125,129132.03126816
0.09375,132086.40009111
0.21875,133976.98993566
0.46875,134793.89971801
0.71875,134408.2193652
1.21875,133796.94698607
2.21875,133155.36317111
3.21875,132884.86680842
4.21875,132774.48255785
5.21875,132731.17368285
6.21875,132715.84079341
7.21875,132712.59130066
8.21875,132715.0288032
9.21875,132720.46703822
10,132726.03618367
