time,E_hw_wet_well
0.03125,129131.99354849
0.09375,132086.31388551
0.21875,133976.85303711
0.46875,134793.71880566
0.96875,134779.6889934
1.96875,134267.07032758
2.96875,133825.85910834
3.96875,133530.42091591
4.96875,133343.11490071
5.96875,133223.32892434
6.96875,133144.22843485
7.96875,133090.21091362
8.96875,133052.36091425
9.96875,133025.42418883
10,133024.75445386
