time,E_hw_wet_well
0.03125,129131.99795588
0.09375,132086.32310901
0.21875,133976.86784775
0.46875,134793.73847538
0.96875,134779.71042309
1.96875,134267.08850716
2.96875,133825.8714846
3.46875,133659.71587352
4.46875,133425.0428587
5.46875,133276.26839672
6.46875,133179.55995428
7.46875,133114.50627858
8.46875,133069.43712034
9.46875,133037.56668105
10,133024.81352859
