time,E_hw_wet_well
0.03125,129132.02708714
0.09375,132086.39374644
0.21875,133976.98302071
0.46875,134793.89240737
0.96875,134779.88901888
1.96875,134267.27281005
2.46875,133993.94506339
3.46875,133606.76975028
4.46875,133372.43752466
5.46875,133229.41291215
6.46875,133138.75908053
6.96875,133107.32300079
7.96875,133059.54645341
8.96875,133025.72285359
9.96875,133001.68337779
10,133001.08660079
