time,E_hw_wet_well
0.03125,129132.03899606
0.09375,132086.41459979
0.21875,133977.01038248
0.46875,134793.92294866
0.96875,134779.91709763
1.96875,134267.28982995
2.96875,133826.04963312
3.96875,133530.57912644
4.96875,133343.24200001
5.96875,133223.42683211
6.96875,133144.29885903
7.96875,133090.25516458
8.96875,133052.37999522
9.96875,133025.41886905
10,133024.74838638
