time,E_hw_wet_well
0.03125,129132.02520629
0.09375,132086.38280056
0.21875,133976.95979114
0.46875,134793.85597862
0.96875,134779.83954227
1.96875,134267.20896889
2.96875,133825.97191095
3.96875,133530.50559477
4.96875,133343.17226311
5.96875,133223.36028653
6.96875,133144.23496911
7.96875,133090.19352121
8.96875,133052.32028096
9.96875,133025.36082951
10,133024.69039469
