time,E_hw_wet_well
0.03125,129131.97845062
0.09375,132086.27495726
0.21875,133976.78816708
0.46875,134793.62926104
0.96875,134779.57695744
1.96875,134266.93524216
2.96875,133825.7088485
3.96875,133530.25674215
4.96875,133342.93632701
5.96875,133223.13518629
6.96875,133144.01887377
7.96875,133089.98502556
8.96875,133052.11832908
9.96875,133025.16462698
10,133024.49435547
