time,E_hw_wet_well
0.03125,129131.99202298
0.09375,132086.31036505
0.21875,133976.84585395
0.46875,134793.70420924
0.96875,134779.65955941
1.96875,134267.0109607
2.46875,133993.67810755
3.46875,133606.49364832
4.46875,133372.15044363
5.46875,133229.11275569
5.96875,133181.53821362
6.96875,133110.94600257
7.96875,133062.02596118
8.96875,133027.64289681
9.96875,133003.27610408
10,133002.67264272
