time,E_hw_wet_well
0.03125,129135.61833462
0.09375,132093.15850057
0.21875,133985.74273623
0.46875,134803.49834696
0.96875,134789.36429036
1.96875,134275.36248574
2.46875,134001.11062157
3.46875,133612.46399498
4.46875,133377.25875062
5.46875,133233.73754702
6.46875,133142.76887252
7.46875,133082.6443313
8.46875,133041.56941037
9.46875,133012.90980444
10,133001.59236545
