time,E_hw_wet_well
0.03125,129135.63949166
0.09375,132093.20286334
0.21875,133985.81089243
0.46875,134803.58646941
0.96875,134789.46326746
1.96875,134275.45968507
2.96875,133832.65179527
3.96875,133536.02759229
4.96875,133347.99601961
5.96875,133227.76770453
6.96875,133148.36691648
7.96875,133094.12685007
8.46875,133074.10075047
9.46875,133042.75072121
10,133029.96588481
