time,E_hw_wet_well
0.03125,129145.84374859
0.09375,132112.44806704
0.21875,134010.77031225
0.46875,134831.00254708
0.96875,134816.54154878
1.96875,134298.59930936
2.21875,134111.79335857
2.71875,133833.51237947
3.71875,133481.95217011
4.71875,133283.88673027
5.71875,133167.08381383
6.71875,133094.01299826
7.71875,133045.99390229
8.71875,133013.38270547
9.71875,132990.85649191
10,132986.06887545
