time,E_hw_wet_well
0.03125,129145.82098476
0.09375,132112.39937942
0.21875,134010.69381664
0.46875,134830.89860074
0.96875,134816.41165501
1.96875,134298.44056902
2.96875,133851.14136681
3.96875,133551.21227486
4.96875,133361.17567787
5.96875,133239.73363785
6.96875,133159.51338071
7.96875,133104.66935457
8.96875,133066.18366308
9.96875,133038.74387027
10,133038.06050639
