time,E_hw_wet_well
0.03125,129157.74446078
0.09375,132134.8814094
0.21875,134039.84227087
0.46875,134862.90667671
0.96875,134848.00822831
1.96875,134325.39920486
2.46875,134045.41435201
3.46875,133647.69283655
4.46875,133407.11245382
5.46875,133260.51251891
6.46875,133167.5709446
7.46875,133106.04382259
8.46875,133063.92496766
9.46875,133034.46536194
10,133022.80037499
