time,E_hw_wet_well
0.03125,129157.78182507
0.09375,132134.96737735
0.21875,134039.9783379
0.46875,134863.08484461
0.96875,134848.21093884
1.96875,134325.60267041
2.96875,133873.06837039
3.96875,133569.31830535
4.96875,133376.98442365
5.96875,133254.16483128
6.96875,133173.02530575
7.96875,133117.51403748
8.96875,133078.52544161
9.96875,133050.69680378
10,133050.00309028
