time,E_hw_wet_well
0.03125,129157.78116742
0.09375,132134.96630308
0.21875,134039.9766529
0.46875,134863.08180485
0.96875,134848.20509143
1.96875,134325.5909823
2.46875,134045.59296328
3.46875,133647.84421365
4.46875,133407.2384656
5.46875,133260.61524938
5.96875,133211.86735752
6.96875,133139.42442829
7.96875,133089.11218601
8.96875,133053.66781963
9.46875,133040.33142036
10,133028.52491611
