time,E_hw_wet_well
0.03125,129178.10582297
0.09375,132173.28852823
0.21875,134089.6669556
0.46875,134917.65264406
0.96875,134902.04422485
1.96875,134371.41076422
2.46875,134086.12563948
3.46875,133680.11984977
4.46875,133434.68369411
5.46875,133285.30763468
6.46875,133190.58605117
6.96875,133157.65626501
7.96875,133107.46674396
8.96875,133071.79384397
9.96875,133046.30706477
10,133045.67140533
