time,E_hw_wet_well
0.03125,129187.04679156
0.09375,132190.15003361
0.21875,134111.53392707
0.46875,134941.66926029
0.96875,134925.72210442
1.96875,134391.50287048
2.96875,133926.08362462
3.96875,133613.04953536
4.96875,133415.16562133
5.96875,133289.00902766
6.96875,133205.63218197
7.96875,133148.49323889
8.96875,133108.27555926
9.96875,133079.49372116
10,133078.77457602
