time,E_hw_wet_well
0.03125,129095.39035967
0.09375,132017.29478681
0.21875,133887.36572158
0.46875,134695.44955049
0.96875,134682.63475331
1.96875,134184.5463308
2.96875,133760.2954947
3.96875,133477.56887596
4.96875,133298.00028668
5.96875,133182.84185199
6.96875,133106.81791886
7.96875,133055.04259721
8.96875,133018.8950595
9.46875,133005.3581362
10,132993.38289205
