time,E_hw_wet_well
0.03125,129095.33846442
0.09375,132017.1752345
0.21875,133887.17587487
0.46875,134695.19839016
0.96875,134682.34127126
1.96875,134184.23330856
2.46875,133920.84810648
3.46875,133549.79658759
4.46875,133325.16763978
5.46875,133187.68762238
6.46875,133100.55696194
7.46875,133043.15402998
8.46875,133004.10471305
9.46875,132976.99456063
10,132966.34850439
