time,E_hw_wet_well
0.03125,129118.53527882
0.09375,132060.93566318
0.21875,133943.94994198
0.46875,134757.58963206
0.96875,134744.07674975
1.96875,134237.33197629
2.96875,133803.02228269
3.96875,133512.74604957
4.96875,133328.56694275
5.96875,133210.64688856
6.96875,133132.78867559
7.96875,133079.6783599
8.96875,133042.51830936
9.96875,133016.11992773
10,133015.464619
