time,E_hw_wet_well
0.03125,129118.53502879
0.09375,132060.93489453
0.21875,133943.94816246
0.46875,134757.58581174
0.96875,134744.06885509
1.96875,134237.31594284
2.96875,133802.99809078
3.96875,133512.71369924
4.96875,133328.52642567
5.96875,133210.59820173
6.96875,133132.73182244
7.96875,133079.61333767
8.96875,133042.44512354
9.96875,133016.03858552
10,133015.38302309
