time,E_hw_wet_well
0.03125,129044.97838267
0.09375,131922.24365107
0.21875,133764.11481704
0.46875,134560.07498201
0.96875,134548.67914623
1.96875,134069.69143728
2.96875,133668.44108225
3.96875,133403.4402713
4.96875,133234.83830494
5.96875,133126.23298037
6.96875,133054.53634393
7.96875,133005.91285435
8.96875,132972.1649306
9.96875,132948.42657472
10,132947.84250199
