time,E_hw_wet_well
0.03125,129076.41284068
0.09375,131981.51469436
0.21875,133840.97609713
0.46875,134644.50465309
0.96875,134632.31983206
1.96875,134142.12370182
2.96875,133727.39692781
3.96875,133451.96417301
4.96875,133276.87336308
5.96875,133164.38231699
6.96875,133090.12213426
7.96875,133039.63280237
8.96875,133004.46425973
9.96875,132979.61738814
10,132979.00360963
