time,E_hw_wet_well
0.03125,129076.40028009
0.09375,131981.48424132
0.21875,133840.92620869
0.46875,134644.43688135
0.96875,134632.23828367
1.96875,134142.03265114
2.96875,133727.3029249
3.96875,133451.86828151
4.96875,133276.77520048
5.96875,133164.28127291
6.96875,133090.01768707
7.96875,133039.5245459
8.46875,133020.98201618
9.46875,132992.09979159
10,132980.40220881
