time,E_hw_wet_well
0.03125,129099.71173974
0.09375,132025.42888547
0.21875,133897.89051912
0.46875,134706.98251205
0.96875,134694.12167601
1.96875,134195.37914833
2.96875,133770.59157781
3.96875,133487.51702512
4.96875,133307.73451102
5.96875,133192.44467266
6.96875,133116.33901426
7.96875,133064.51250711
8.96875,133028.33337498
9.96875,133002.70411971
10,133002.06949851
