time,E_hw_wet_well
0.03125,129099.71167785
0.09375,132025.42869562
0.21875,133897.89005859
0.46875,134706.98151949
0.96875,134694.11963684
1.96875,134195.37497121
2.96875,133770.58529132
3.96875,133487.50861645
4.96875,133307.72400045
5.96875,133192.43205744
6.96875,133116.32428387
7.96875,133064.4956705
8.96875,133028.31440476
9.96875,133002.68304327
10,133002.04835768
