time,E_hw_wet_well
0.03125,129099.74474886
0.09375,132025.5041099
0.21875,133898.00881471
0.46875,134707.13656369
0.96875,134694.29599308
1.96875,134195.5525036
2.96875,133770.74917793
3.96875,133487.65656643
4.96875,133307.85698594
5.96875,133192.55152743
6.96875,133116.43151919
7.46875,133089.15394308
8.46875,133047.07367135
9.46875,133016.85608649
10,133004.6718547
