time,E_hw_wet_well
0.03125,129099.7084619
0.09375,132025.42349053
0.21875,133897.88224639
0.46875,134706.96825897
0.96875,134694.09469379
1.96875,134195.3255891
2.96875,133770.51095799
3.96875,133487.40916392
4.96875,133307.59938826
5.96875,133192.28228881
6.96875,133116.14938097
7.21875,133097.18172252
7.71875,133069.54842834
8.71875,133029.93280083
9.71875,133002.85164889
10,132997.10844853
