time,E_hw_wet_well
0.03125,128966.75797585
0.09375,131774.71320602
0.21875,133572.78178049
0.46875,134349.87912507
0.96875,134338.83178858
1.96875,133872.784629
2.46875,133630.32121135
3.46875,133293.41266943
4.46875,133090.06557349
5.46875,132964.93428604
6.46875,132885.49019918
7.46875,132833.38489989
8.46875,132798.18305624
9.46875,132773.93377973
10,132764.49136932
