time,E_hw_wet_well
0.03125,129122.95487428
0.09375,132069.28642363
0.21875,133954.8023188
0.46875,134769.53526968
0.96875,134756.01516037
1.96875,134248.58481398
2.21875,134066.23755739
2.71875,133796.10272787
3.71875,133455.50958026
4.71875,133263.07946421
5.71875,133149.36994556
6.71875,133078.3386043
7.71875,133031.80032518
8.71875,133000.29917003
9.71875,132978.63122862
10,132974.04648083
