time,E_hw_wet_well
0.03125,129122.94293894
0.09375,132069.255177
0.21875,133954.75077535
0.46875,134769.46590412
0.96875,134755.93223756
1.96875,134248.49273869
2.46875,133978.84524174
3.46875,133597.71698433
4.46875,133367.00593865
5.46875,133226.0297583
6.46875,133136.67722873
7.46875,133077.7044872
8.46875,133037.49088831
9.46875,133009.49299482
10,132998.46344193
