time,E_hw_wet_well
0.03125,129139.7811621
0.09375,132100.99102183
0.21875,133995.87676771
0.46875,134814.60280214
0.96875,134800.50219791
1.96875,134286.62413085
2.46875,134012.65405405
3.46875,133624.6144582
4.46875,133389.78712901
5.46875,133246.46682336
6.46875,133155.6284024
7.46875,133095.60816323
8.46875,133054.62116943
9.46875,133026.03671649
10,133014.75497712
