time,E_hw_wet_well
0.03125,129153.6368505
0.09375,132127.12939941
0.21875,134029.78675198
0.46875,134851.86313781
0.96875,134837.31358391
1.96875,134318.08650915
2.46875,134040.53705721
3.46875,133646.81896325
3.96875,133517.98353599
4.96875,133339.05606858
5.96875,133224.79122338
6.96875,133149.39994233
7.96875,133098.0717567
8.96875,133062.28355108
9.96875,133036.97909468
10,133036.35357925
