time,E_hw_wet_well
0.03125,129165.62298761
0.09375,132149.74713662
0.21875,134059.13617293
0.46875,134884.11875538
0.96875,134869.17108322
1.96875,134345.26725869
2.96875,133891.67936813
3.96875,133587.28597049
4.96875,133394.57376225
5.96875,133271.52133902
6.96875,133190.23547944
7.96875,133134.63369116
8.96875,133095.59102338
9.96875,133067.73253908
10,133067.03827599
