time,E_hw_wet_well
0.03125,128966.72120975
0.09375,131774.6284809
0.21875,133572.6464545
0.46875,134349.69880886
0.96875,134338.6194938
1.96875,133872.55571146
2.96875,133483.99748467
3.96875,133228.41311416
4.96875,133065.90604396
5.96875,132961.04711178
6.96875,132891.73409984
7.96875,132844.72351873
8.96875,132812.1040842
9.96875,132789.16034939
10,132788.59582748
