time,E_hw_wet_well
0.03125,129052.98971111
0.09375,131937.35443773
0.21875,133783.71458057
0.46875,134581.61132995
0.96875,134570.2126986
1.96875,134090.16712059
2.21875,133919.44419323
2.71875,133670.79969951
3.71875,133360.01131784
4.71875,133183.25421753
5.71875,133078.11331907
6.71875,133012.67494311
7.71875,132970.19894771
8.71875,132941.74967605
9.71875,132922.44028845
10,132918.41242555
