time,E_hw_wet_well
0.03125,129052.95126081
0.09375,131937.26779981
0.21875,133783.57740291
0.46875,134581.42942659
0.96875,134569.99980862
1.96875,134089.93983443
2.96875,133687.78240892
3.96875,133422.15326175
4.96875,133253.14631264
5.96875,133144.29301702
6.96875,133072.44613376
7.96875,133023.73052435
8.96875,132989.92705809
9.96875,132966.15800543
10,132965.57336724
