time,E_hw_wet_well
0.03125,129052.99978701
0.09375,131937.38060376
0.21875,133783.75701247
0.46875,134581.66496101
0.96875,134570.26639786
1.96875,134090.20228966
2.96875,133688.01685366
3.96875,133422.35598895
4.96875,133253.31888214
5.96875,133144.4377601
6.46875,133106.53414274
7.46875,133049.33550623
8.46875,133009.14459683
9.46875,132980.6559826
10,132969.28754777
