time,E_hw_wet_well
0.03125,129067.24667562
0.09375,131964.23336099
0.21875,133818.56635362
0.46875,134619.89118878
0.96875,134608.13951276
1.96875,134123.03646009
2.46875,133868.90035158
3.46875,133513.33145596
4.46875,133298.19147769
5.46875,133166.12911557
6.46875,133082.4312469
7.46875,133027.48388313
8.46875,132990.28838893
9.46875,132964.61699638
10,132954.60231004
