time,E_hw_wet_well
0.03125,129067.22876207
0.09375,131964.19045784
0.21875,133818.49688836
0.46875,134619.79777839
0.96875,134608.02782834
1.96875,134122.91241631
2.96875,133714.6502218
3.96875,133444.28287955
4.96875,133272.32575621
5.96875,133161.70815042
6.96875,133088.70014057
7.96875,133039.14116428
8.96875,133004.69687419
9.96875,132980.4290429
10,132979.83106225
