time,E_hw_wet_well
0.03125,129067.24254389
0.09375,131964.22134321
0.21875,133818.54405003
0.46875,134619.8560109
0.96875,134608.08660748
1.96875,134122.95483752
2.96875,133714.67007532
3.96875,133444.27925742
4.46875,133351.76491598
5.46875,133217.80659352
6.46875,133128.70741821
7.46875,133068.31433016
8.46875,133026.45940931
9.46875,132996.96039141
10,132985.21523724
