time,E_hw_wet_well
0.03125,128978.84887841
0.09375,131797.48324039
0.21875,133602.26747937
0.46875,134382.22264469
0.96875,134370.88579728
1.96875,133900.75555302
2.96875,133507.13365729
3.96875,133247.48779637
4.96875,133082.40073736
5.96875,132976.00284238
6.96875,132905.69137783
7.96875,132857.96168379
8.96875,132824.79805645
9.96875,132801.43337081
10,132800.85765004
