time,E_hw_wet_well
0.03125,129090.54391109
0.09375,132008.15897006
0.21875,133875.52371699
0.46875,134682.45060224
0.96875,134670.07874944
1.96875,134176.5443592
2.96875,133758.24967563
3.46875,133602.1964344
4.46875,133381.16456124
5.46875,133240.21884514
6.46875,133148.50964072
7.46875,133087.04293166
8.46875,133044.68237432
9.46875,133014.91195126
10,133003.07870851
