time,E_hw_wet_well
0.03125,129090.48196881
0.09375,132008.01529937
0.21875,133875.29385355
0.46875,134682.14414177
0.96875,134669.71775279
1.96875,134176.15466329
2.96875,133757.86015823
3.96875,133479.80304234
4.96875,133303.09185456
5.96875,133189.62844539
6.96875,133114.73884434
7.96875,133063.80952342
8.96875,133028.32223183
9.96875,133003.24047078
10,133002.62067661
