time,E_hw_wet_well
0.03125,129090.52474517
0.09375,132008.11431017
0.21875,133875.45130098
0.46875,134682.35126058
0.96875,134669.95507717
1.96875,134176.39608561
2.96875,133758.08544472
3.96875,133480.00902733
4.96875,133303.27983257
5.96875,133189.800385
6.96875,133114.89644551
7.96875,133063.95409652
8.96875,133028.45474077
9.96875,133003.36164416
10,133002.74150874
