time,E_hw_wet_well
0.03125,129090.49256238
0.09375,132008.04003243
0.21875,133875.33288348
0.46875,134682.19436932
0.96875,134669.77251283
1.96875,134176.20392731
2.96875,133757.89866487
3.96875,133479.82997081
4.96875,133303.10753059
5.96875,133189.63337598
6.96875,133114.73346527
7.96875,133063.79418047
8.96875,133028.29717088
9.96875,133003.20588167
10,133002.585791
