time,E_hw_wet_well
0.03125,129107.85876376
0.09375,132040.79460054
0.21875,133917.82157217
0.46875,134728.88384712
0.96875,134715.99900306
1.96875,134216.0686766
2.46875,133951.72058447
3.46875,133579.32912543
4.46875,133353.91077184
5.46875,133215.96908707
6.46875,133128.56617302
7.46875,133071.00286811
8.46875,133031.86229296
9.46875,133004.70589508
10,132994.04943667
