time,E_hw_wet_well
0.03125,129107.93857714
0.09375,132040.97827247
0.21875,133918.11253412
0.46875,134729.26500964
0.96875,134716.43230738
1.96875,134216.50202424
2.96875,133790.67669841
3.46875,133631.31424049
4.46875,133405.77615302
5.46875,133262.22304269
6.46875,133168.85152507
7.46875,133106.19998678
8.46875,133062.95057815
9.46875,133032.49576762
10,133020.36471522
