time,E_hw_wet_well
0.03125,129107.89056275
0.09375,132040.86752801
0.21875,133917.93630592
0.46875,134729.03209289
0.96875,134716.16260664
1.96875,134216.220934
2.96875,133790.406595
3.96875,133506.65072613
4.96875,133326.4403799
5.96875,133210.88157982
6.96875,133134.60376785
7.96875,133082.66527342
8.46875,133063.55902942
9.46875,133033.75203191
10,133021.65404699
