time,E_hw_wet_well
0.03125,129107.88901355
0.09375,132040.86337482
0.21875,133917.92895255
0.46875,134729.02162939
0.96875,134716.14998983
1.96875,134216.20744617
2.96875,133790.39353002
3.96875,133506.6383349
4.96875,133326.4286219
5.96875,133210.87035666
6.96875,133134.59299115
7.96875,133082.65486652
8.96875,133046.40290445
9.96875,133020.72706021
10,133020.09139621
