time,E_hw_wet_well
0.03125,129107.87667232
0.09375,132040.83541589
0.21875,133917.88498507
0.46875,134728.96379631
0.96875,134716.08219412
1.96875,134216.13412749
2.96875,133790.31980574
3.96875,133506.56497807
4.96875,133326.35528096
5.96875,133210.79650856
6.96875,133134.51819031
7.96875,133082.5787623
8.96875,133046.32522377
9.96875,133020.64763136
10,133020.01190984
