time,E_hw_wet_well
0.03125,129107.89588488
0.09375,132040.883071
0.21875,133917.96206908
0.46875,134729.06530819
0.96875,134716.19796237
1.96875,134216.25011297
2.96875,133790.42582585
3.96875,133506.65940646
4.96875,133326.43873937
5.96875,133210.86997706
6.96875,133134.58251656
7.96875,133082.63460007
8.96875,133046.37308157
9.96875,133020.68785251
10,133020.05189838
