time,E_hw_wet_well
0.03125,129107.84346559
0.09375,132040.75965714
0.21875,133917.76486084
0.46875,134728.80463139
0.96875,134715.89609603
1.96875,134215.93567308
2.46875,133951.5762904
3.46875,133579.16248619
4.46875,133353.72104393
5.46875,133215.75549299
5.96875,133169.83158557
6.96875,133101.86847432
7.96875,133054.96087879
8.96875,133022.13754781
9.96875,132999.00952687
10,132998.4397241
