time,E_hw_wet_well
0.03125,129107.83251613
0.09375,132040.73345638
0.21875,133917.72235975
0.46875,134728.74789084
0.96875,134715.83001159
1.96875,134215.86657206
2.96875,133790.05741263
3.96875,133506.31099707
4.96875,133326.10842246
5.96875,133210.55478642
6.96875,133134.2798792
7.96875,133082.34254915
8.96875,133046.0901464
9.96875,133020.41292398
10,133019.77720319
