time,E_hw_wet_well
0.03125,129107.89495652
0.09375,132040.87736788
0.21875,133917.95103218
0.46875,134729.04917418
0.96875,134716.17675541
1.96875,134216.22301192
2.96875,133790.39436588
3.96875,133506.62383728
4.96875,133326.3989741
5.96875,133210.82586349
6.96875,133134.53393791
7.96875,133082.5814732
8.96875,133046.31533735
9.46875,133032.73611266
10,133020.72494622
