time,E_hw_wet_well
0.03125,129107.89012782
0.09375,132040.86619611
0.21875,133917.93319229
0.46875,134729.02540507
0.96875,134716.14881951
1.96875,134216.19292801
2.21875,134037.06010395
2.71875,133772.90771291
3.71875,133440.51472967
4.71875,133252.33130396
5.71875,133140.94620341
6.71875,133071.45036405
7.71875,133026.03733783
8.71875,132995.38828737
9.71875,132974.38561561
10,132969.95934648
