time,E_hw_wet_well
0.03125,129107.841144
0.09375,132040.75315604
0.21875,133917.75316792
0.46875,134728.78712479
0.96875,134715.87196459
1.96875,134215.90243776
2.96875,133790.08305388
3.96875,133506.32575484
4.96875,133326.11255472
5.96875,133210.54869351
6.96875,133134.26391312
7.96875,133082.31697994
8.96875,133046.05517336
9.96875,133020.36870242
10,133019.73269545
