time,E_hw_wet_well
0.03125,128992.82975937
0.09375,131823.86563956
0.21875,133636.50928891
0.46875,134419.87455085
0.96875,134408.27595168
1.96875,133933.42163607
2.96875,133533.93392098
3.96875,133269.61334319
4.96875,133101.56552396
5.96875,132993.39497887
6.96875,132921.92521989
7.96875,132873.35679222
8.96875,132839.55586907
9.96875,132815.69572427
10,132815.10676551
