time,E_hw_wet_well
0.03125,129107.92764852
0.09375,132040.95470594
0.21875,133918.07479343
0.46875,134729.2118466
0.96875,134716.36180795
1.96875,134216.40745375
2.96875,133790.56184187
3.96875,133506.77171297
4.96875,133326.52824746
5.96875,133210.93807978
6.96875,133134.63047327
7.96875,133082.66337411
8.96875,133046.38338497
9.96875,133020.68022128
10,133020.0437158
