time,E_hw_wet_well
0.03125,129107.89193923
0.09375,132040.86738386
0.21875,133917.93336428
0.46875,134729.02289927
0.96875,134716.1415549
1.96875,134216.17700447
2.96875,133790.34019071
3.96875,133506.56198059
4.96875,133326.32933433
5.96875,133210.74824334
6.96875,133134.44814595
7.96875,133082.48736249
8.96875,133046.21285932
9.96875,133020.51447227
10,133019.87810446
