time,E_hw_wet_well
0.03125,129107.82296654
0.09375,132040.71111734
0.21875,133917.68583861
0.46875,134728.6970673
0.96875,134715.76513693
1.96875,134215.78542118
2.96875,133789.96424009
3.96875,133506.20646525
4.96875,133325.99226806
5.96875,133210.42659946
6.96875,133134.1393068
7.96875,133082.1893209
8.96875,133045.92406605
9.96875,133020.23384387
10,133019.5977103
