time,E_hw_wet_well
0.03125,129107.8582984
0.09375,132040.79199764
0.21875,133917.81362155
0.46875,134728.86484528
0.96875,134715.95814962
1.96875,134215.98482817
2.96875,133790.15424792
3.96875,133506.38463048
4.96875,133326.15962164
5.96875,133210.58470498
6.96875,133134.28951383
7.96875,133082.33266389
8.96875,133046.06131083
9.96875,133020.36557298
10,133019.72928026
