time,E_hw_wet_well
0.03125,128997.61648546
0.09375,131832.87822215
0.21875,133648.17696899
0.46875,134432.66423597
0.96875,134420.24408896
1.96875,133936.62516383
2.96875,133524.59297927
3.96875,133249.90926445
4.96875,133075.35235717
5.96875,132963.31607462
6.96875,132889.26728629
7.96875,132838.75675279
8.96875,132803.41626354
9.96875,132778.30389199
10,132777.68035145
