time,E_hw_wet_well
0.03125,129125.16228991
0.09375,132073.44152498
0.21875,133960.18421768
0.46875,134775.44430752
0.96875,134762.06542617
1.96875,134255.65742408
2.46875,133986.89535112
3.46875,133607.35317089
3.96875,133483.22947142
4.96875,133310.3287185
5.96875,133199.82342335
6.96875,133127.07224708
7.96875,133077.6978708
8.96875,133043.39744385
9.96875,133019.26172962
10,133018.66770085
