time,E_hw_wet_well
0.03125,129125.17727885
0.09375,132073.47452462
0.21875,133960.23495636
0.46875,134775.50905274
0.96875,134762.13699695
1.96875,134255.72571836
2.96875,133822.3955182
3.96875,133533.00740715
4.96875,133349.35935531
5.96875,133231.73952319
6.96875,133154.09106642
7.96875,133101.15436606
8.96875,133064.14466979
9.96875,133037.8790103
10,133037.22756873
