time,E_hw_wet_well
0.03125,129125.1248283
0.09375,132073.35496808
0.21875,133960.04610305
0.46875,134775.26062291
0.71875,134390.46447551
1.21875,133781.76149987
1.71875,133498.94509538
2.71875,133150.26132687
3.71875,132973.87344083
4.71875,132885.30890483
5.71875,132840.06042298
6.71875,132816.67437143
7.71875,132804.99834255
8.71875,132800.09286343
9.71875,132799.41488296
10,132799.86333325
