time,E_hw_wet_well
0.03125,129125.15892483
0.09375,132073.43182054
0.21875,133960.16602739
0.46875,134775.41611926
0.96875,134762.02560615
1.96875,134255.60159779
2.96875,133822.26741607
3.96875,133532.8767188
4.96875,133349.22556322
5.96875,133231.60180278
6.46875,133190.7288059
7.46875,133128.78190749
8.46875,133084.95502902
9.46875,133053.64793978
10,133041.05059774
