time,E_hw_wet_well
0.03125,129125.12559157
0.09375,132073.36095351
0.21875,133960.05841784
0.46875,134775.27789256
0.96875,134761.86837153
1.96875,134255.43957516
2.96875,133822.11220903
3.96875,133532.72999613
4.96875,133349.08638396
5.96875,133231.46894162
6.96875,133153.82110131
7.96875,133100.88364315
8.96875,133063.87216047
9.96875,133037.60394134
10,133036.95240803
