time,E_hw_wet_well
0.03125,129131.1616391
0.09375,132084.76153355
0.21875,133974.87448139
0.46875,134791.59209127
0.71875,134406.08953053
1.21875,133795.9490094
2.21875,133159.46651628
3.21875,132894.28572819
4.21875,132787.50295574
5.21875,132746.27161222
6.21875,132732.20210719
7.21875,132729.82766417
8.21875,132732.92246014
9.21875,132738.87566606
10,132744.77577799
