time,E_hw_wet_well
0.03125,129131.17918456
0.09375,132084.80598933
0.21875,133974.945811
0.46875,134791.6831805
0.96875,134778.13472848
1.96875,134269.44463702
2.96875,133833.48226567
3.96875,133542.12932437
4.96875,133357.27881035
5.96875,133238.93007227
6.96875,133160.78997591
7.96875,133107.49039082
8.96875,133070.20129083
9.96875,133043.71439016
10,133043.05695026
