time,E_hw_wet_well
0.03125,129131.16972873
0.09375,132084.78372756
0.21875,133974.91018652
0.46875,134791.63596497
0.96875,134778.0799743
1.96875,134269.38750669
2.96875,133833.42734117
3.96875,133542.07734696
4.96875,133357.2295135
5.96875,133238.8830198
6.96875,133160.74478995
7.96875,133107.44677157
8.96875,133070.15901689
9.96875,133043.67329587
10,133043.01589515
