time,E_hw_wet_well
0.03125,129131.15393343
0.09375,132084.74311738
0.21875,133974.84401294
0.46875,134791.54777624
0.96875,134777.97729681
1.96875,134269.28018919
2.96875,133833.3241586
3.96875,133541.97972692
4.96875,133357.13695104
5.96875,133238.7946937
6.96875,133160.65997047
7.96875,133107.3649073
8.96875,133070.07968378
9.96875,133043.59618669
10,133042.93884613
