time,E_hw_wet_well
0.03125,129131.11461993
0.09375,132084.65293921
0.21875,133974.70025389
0.46875,134791.35791668
0.96875,134777.75750899
1.96875,134269.05114342
2.96875,133833.1040594
3.96875,133541.77149785
4.96875,133356.93948401
5.96875,133238.60625247
6.96875,133160.47902216
7.96875,133107.19027604
8.96875,133069.91049989
9.96875,133043.43178271
10,133042.77458409
