time,E_hw_wet_well
0.03125,129139.38173814
0.09375,132100.25792988
0.21875,133994.96141969
0.46875,134813.64233232
0.96875,134799.81002547
1.96875,134287.97881552
2.96875,133848.4345864
3.96875,133554.43588067
4.96875,133367.98751974
5.96875,133248.68587186
6.96875,133169.91450248
7.96875,133116.15817086
8.96875,133078.52545335
9.96875,133051.77359044
10,133051.10911283
