time,E_hw_wet_well
0.03125,129148.05986324
0.09375,132116.61714898
0.21875,134016.16628748
0.46875,134836.92119864
0.96875,134822.79481633
1.96875,134307.62253228
2.96875,133864.281514
3.96875,133567.48947934
4.96875,133379.35606156
5.96875,133259.04678196
6.96875,133179.60546263
7.96875,133125.36324358
8.96875,133087.36419109
9.96875,133060.32906336
10,133059.65704911
