time,E_hw_wet_well
0.03125,129148.11311599
0.09375,132116.73984447
0.21875,134016.3611422
0.46875,134837.17764132
0.96875,134823.08926187
1.96875,134307.92374072
2.96875,133864.56455379
3.96875,133567.75029598
4.96875,133379.59612662
5.96875,133259.26846364
6.96875,133179.81084884
7.96875,133125.55394321
8.96875,133087.54141324
9.96875,133060.49372027
10,133059.82132814
