time,E_hw_wet_well
0.03125,128992.83695148
0.09375,131823.88004342
0.21875,133636.52979279
0.46875,134419.8976148
0.96875,134408.29412613
1.96875,133933.42200152
2.96875,133533.91361824
3.96875,133269.57195468
4.96875,133101.50327761
5.96875,132993.3121885
6.46875,132955.62959428
7.46875,132898.67084418
8.46875,132858.54613337
9.46875,132830.01254233
10,132818.58481788
