time,E_hw_wet_well
0.03125,129161.93695484
0.09375,132142.78972914
0.21875,134050.11109155
0.46875,134874.20806626
0.96875,134859.61441333
1.96875,134339.05419292
2.96875,133889.62422535
3.96875,133588.37608211
4.96875,133397.55730245
5.96875,133275.63514905
6.96875,133195.11527121
7.96875,133140.08740658
8.96875,133101.49343763
9.96875,133073.99578768
10,133073.31140647
