time,E_hw_wet_well
0.03125,129161.93314772
0.09375,132142.78465575
0.21875,134050.10377951
0.46875,134874.19523757
0.96875,134859.5897897
1.96875,134339.0050214
2.96875,133889.55008658
3.96875,133588.27684123
4.96875,133397.43291359
5.96875,133275.48559785
6.96875,133194.94057547
7.96875,133139.88758756
8.96875,133101.26848159
9.96875,133073.7457099
10,133073.06054955
