time,E_hw_wet_well
0.03125,129162.67993688
0.09375,132144.19087425
0.21875,134051.92803882
0.46875,134876.20299963
0.96875,134861.58109931
1.96875,134340.72450836
2.96875,133890.96177063
3.96875,133589.46945612
4.96875,133398.50142729
5.96875,133276.48715967
6.96875,133195.90361278
7.96875,133140.82772945
8.96875,133102.19592284
9.46875,133087.66003722
10,133074.75441065
