time,E_hw_wet_well
0.03125,129173.93292329
0.09375,132165.41899339
0.21875,134079.46432575
0.46875,134906.45496769
0.96875,134891.44673145
1.96875,134366.18307733
2.96875,133911.48284621
3.96875,133606.40924296
4.96875,133413.29715385
5.96875,133289.99947904
6.96875,133208.56064686
7.96875,133152.86552018
8.96875,133113.76848038
9.96875,133085.8816017
10,133085.18685305
