time,E_hw_wet_well
0.03125,129173.90378014
0.09375,132165.34582837
0.21875,134079.34374399
0.46875,134906.29156611
0.96875,134891.25044668
1.96875,134365.96429731
2.96875,133911.25730348
3.96875,133606.17951583
4.96875,133413.06237957
5.96875,133289.75820031
6.96875,133208.31157924
7.96875,133152.60767251
8.46875,133132.01475706
9.46875,133099.73925763
10,133086.55535071
