time,E_hw_wet_well
0.03125,129194.37173326
0.09375,132203.96489755
0.21875,134129.45507451
0.46875,134961.36286237
0.96875,134945.59622729
1.96875,134412.17894547
2.96875,133948.45054687
3.96875,133636.87974099
4.96875,133439.87915542
5.96875,133314.2346942
6.96875,133231.21512735
7.96875,133174.36454253
8.96875,133134.39015206
9.46875,133119.31147652
10,133105.89809048
