time,E_hw_wet_well
0.03125,129070.56654689
0.09375,131970.47736693
0.21875,133826.63678312
0.46875,134628.72230764
0.96875,134616.92565158
1.96875,134131.33297602
2.46875,133876.94947704
3.46875,133521.01997908
4.46875,133305.65074389
5.46875,133173.44501046
6.46875,133089.65488616
7.46875,133034.64441274
8.46875,132997.40330922
8.96875,132983.81068754
9.96875,132962.87798142
10,132962.3558827
