time,E_hw_wet_well
0.03125,129087.8094654
0.09375,132002.98378728
0.21875,133868.77934562
0.46875,134675.00029545
0.96875,134662.7384031
1.96875,134170.90787688
2.46875,133912.20702597
3.46875,133549.12043917
4.46875,133329.35450588
5.46875,133194.63113411
6.46875,133109.25630393
7.46875,133053.12655961
8.46875,133015.05187661
9.46875,132988.70883901
10,132978.40375955
