time,E_hw_wet_well
0.03125,129093.90449263
0.09375,132014.48875833
0.21875,133883.71942711
0.46875,134691.43636258
0.96875,134679.03261821
1.96875,134184.99447144
2.96875,133766.27711793
3.96875,133487.92966359
4.96875,133311.03128439
5.96875,133197.44852586
6.96875,133122.48155724
7.96875,133071.50084137
8.96875,133035.97891
9.96875,133010.87393776
10,133010.25359778
