time,E_hw_wet_well
0.03125,129111.29237291
0.09375,132047.28462183
0.21875,133926.26090175
0.46875,134738.17807543
0.96875,134725.29019924
1.96875,134224.83011068
2.96875,133798.5732433
3.96875,133514.51955874
4.96875,133334.11685738
5.96875,133218.43156895
6.96875,133142.06731171
7.96875,133090.06719561
8.96875,133053.76931158
9.96875,133028.05839672
10,133027.42180925
