time,E_hw_wet_well
0.03125,129111.2924374
0.09375,132047.28455234
0.21875,133926.26014694
0.46875,134738.17564797
0.96875,134725.28460559
1.96875,134224.81835504
2.96875,133798.55546289
3.96875,133514.49579649
4.96875,133334.08711576
5.46875,133272.81445052
6.46875,133182.22084543
7.46875,133119.88478206
8.46875,133076.23453792
9.46875,133045.23250307
10,133032.80658316
