time,E_hw_wet_well
0.03125,129111.25498801
0.09375,132047.19824124
0.21875,133926.12302675
0.46875,134737.99474351
0.96875,134725.07532045
1.96875,134224.60046572
2.96875,133798.34620591
3.96875,133514.29787391
4.96875,133333.8994408
5.96875,133218.21674196
6.96875,133141.85361958
7.96875,133089.85352417
8.96875,133053.55483587
9.96875,133027.84248085
10,133027.2058379
