time,E_hw_wet_well
0.03125,128992.79272781
0.09375,131823.7788887
0.21875,133636.36933242
0.46875,134419.68522209
0.96875,134408.04612051
1.96875,133933.15820282
2.96875,133533.65388317
3.96875,133269.31930847
4.96875,133101.25637652
5.96875,132993.06905674
6.96875,132921.58109421
7.96875,132872.99338165
8.96875,132839.17237853
9.96875,132815.2915488
10,132814.70193519
