time,E_hw_wet_well
0.03125,128992.85299595
0.09375,131823.91910898
0.21875,133636.59270472
0.46875,134419.97999992
0.96875,134408.38653952
1.96875,133933.51070953
2.96875,133533.99002792
3.96875,133269.63473371
4.96875,133101.55295597
5.96875,132993.34959874
6.96875,132921.84799921
7.96875,132873.24844645
8.96875,132839.41697755
9.96875,132815.52669936
10,132814.93680625
