time,E_hw_wet_well
0.03125,129065.76798679
0.09375,131961.44927283
0.21875,133814.9536772
0.46875,134615.91769838
0.96875,134604.49061508
1.96875,134122.72957823
2.46875,133871.22306317
3.46875,133520.24558493
4.46875,133307.93442785
5.46875,133177.46816638
6.46875,133094.78448283
7.46875,133040.57781771
8.46875,133003.95504311
9.46875,132978.73870188
10,132968.9278781
