time,E_hw_wet_well
0.03125,128992.82361576
0.09375,131823.85185834
0.21875,133636.48590817
0.46875,134419.83888747
0.96875,134408.2231346
1.96875,133933.34048318
2.46875,133684.59654245
3.46875,133336.84899458
4.46875,133126.58872226
5.46875,132997.46081021
6.46875,132915.52442721
7.46875,132861.66315997
8.46875,132825.14603746
9.46875,132799.88585506
10,132790.00475519
