time,E_hw_wet_well
0.03125,129097.37860122
0.09375,132021.03809919
0.21875,133892.20824852
0.46875,134700.75699108
0.96875,134688.48639154
1.96875,134195.31240508
2.96875,133778.0684899
3.96875,133500.94648268
4.96875,133324.79173659
5.96875,133211.64544071
6.96875,133136.98012471
7.96875,133086.23789375
8.96875,133050.91367202
9.96875,133025.97688069
10,133025.36132967
