time,E_hw_wet_well
0.03125,129097.36048937
0.09375,132020.99651747
0.21875,133892.14175072
0.46875,134700.66856912
0.96875,134688.38359801
1.96875,134195.20503901
2.21875,134019.0528654
2.71875,133760.58873934
3.71875,133436.12226434
4.71875,133252.05642732
5.71875,133142.91770499
6.71875,133074.91520586
7.71875,133030.61165232
8.71875,133000.81474687
9.71875,132980.48702588
10,132976.22341048
