time,E_hw_wet_well
0.03125,129097.37477067
0.09375,132021.02764644
0.21875,133892.19004121
0.46875,134700.73070351
0.96875,134688.45193415
1.96875,134195.26832206
2.96875,133778.01726915
3.96875,133500.88852802
4.46875,133406.05930348
5.46875,133269.00124084
6.46875,133177.91834927
7.46875,133116.13407496
8.46875,133073.25747903
9.46875,133042.99151603
10,133030.92105235
