time,E_hw_wet_well
0.03125,129097.37309173
0.09375,132021.02578883
0.21875,133892.18785623
0.46875,134700.72737181
0.96875,134688.44593484
1.96875,134195.25651033
2.46875,133935.83448504
3.46875,133571.71387145
4.46875,133351.31215671
5.46875,133216.20422289
6.46875,133130.59300398
7.46875,133074.31309863
8.46875,133036.14098033
9.46875,133009.73504036
10,132999.40745646
