time,E_hw_wet_well
0.03125,129097.42520907
0.09375,132021.14816285
0.21875,133892.37949233
0.46875,134700.97582
0.71875,134319.52840805
1.21875,133718.10504882
2.21875,133101.53975296
3.21875,132853.55980109
4.21875,132757.78789762
5.21875,132722.69261786
6.21875,132712.21059925
7.21875,132712.22104114
8.21875,132717.03955374
8.71875,132720.60008563
9.71875,132728.79023596
10,132731.31058489
