time,E_hw_wet_well
0.03125,129120.92487565
0.09375,132065.45757725
0.21875,133949.84301748
0.46875,134764.10371307
0.96875,134751.20042697
1.96875,134249.34622259
2.96875,133821.91019646
3.96875,133537.08702717
4.96875,133356.21336051
5.96875,133240.24355434
6.96875,133163.70810059
7.96875,133111.60705412
8.96875,133075.25356489
9.96875,133049.51762009
10,133048.88073219
