time,E_hw_wet_well
0.03125,129120.85839319
0.09375,132065.30788567
0.21875,133949.60627506
0.46875,134763.79104263
0.96875,134750.83845599
1.96875,134248.96901233
2.96875,133821.54776114
3.96875,133536.74413524
4.96875,133355.88815289
5.96875,133239.93314423
6.96875,133163.40999032
7.96875,133111.31931413
8.46875,133092.16324754
9.46875,133062.28858796
10,133050.16887652
