time,E_hw_wet_well
0.03125,129120.87234918
0.09375,132065.33847325
0.21875,133949.6540665
0.46875,134763.85296488
0.96875,134750.90691112
1.96875,134249.03281466
2.96875,133821.60049962
3.96875,133536.78476825
4.96875,133355.91706538
5.96875,133239.95093605
6.96875,133163.4171903
7.96875,133111.31632964
8.96875,133074.96188286
9.96875,133049.2241159
10,133048.58715509
