time,E_hw_wet_well
0.03125,129120.94356126
0.09375,132065.50400662
0.21875,133949.91762564
0.46875,134764.20060497
0.96875,134751.30816219
1.96875,134249.44804566
2.46875,133984.06470469
3.46875,133610.21121382
4.46875,133383.90691397
5.46875,133245.42372347
5.96875,133199.33228314
6.96875,133131.12927877
7.96875,133084.06595034
8.96875,133051.14336676
9.96875,133027.95508459
10,133027.38401471
