time,E_hw_wet_well
0.03125,129120.91083088
0.09375,132065.4248975
0.21875,133949.79014062
0.46875,134764.0314945
0.96875,134751.11128353
1.96875,134249.24085221
2.96875,133821.7949567
3.96875,133536.96291011
4.96875,133356.07996226
5.96875,133240.10026772
6.96875,133163.55441089
7.96875,133111.4425531
8.96875,133075.0779551
9.96875,133049.330675
10,133048.69342663
