time,E_hw_wet_well
0.03125,129120.85682169
0.09375,132065.30019215
0.21875,133949.59126105
0.46875,134763.76756634
0.96875,134750.80305915
1.96875,134248.91389008
2.46875,133983.54118199
3.46875,133609.71075697
4.46875,133383.42476291
5.46875,133244.95478004
6.46875,133157.21932628
7.46875,133099.43893913
7.96875,133078.75788853
8.96875,133046.94945015
9.96875,133024.34117993
10,133023.78007431
