time,E_hw_wet_well
0.03125,129120.90540292
0.09375,132065.41193301
0.21875,133949.76808751
0.46875,134763.99870946
0.71875,134379.76447597
1.21875,133772.81170797
2.21875,133145.08399563
3.21875,132887.96028774
4.21875,132786.42726307
5.21875,132748.15133316
6.21875,132735.83225805
7.21875,132734.63708878
8.21875,132738.59409579
9.21875,132745.20430916
10,132751.51534155
