time,E_hw_wet_well
0.03125,129138.208227
0.09375,132098.02807299
0.21875,133992.0453235
0.46875,134810.41237244
0.96875,134796.9267569
1.96875,134288.49048665
2.96875,133853.48166979
3.96875,133563.00991538
4.96875,133378.69252585
5.96875,133260.65151027
6.96875,133182.73104335
7.96875,133129.61547338
8.96875,133092.48704504
9.96875,133066.14298315
10,133065.48972939
