time,E_hw_wet_well
0.03125,129144.25377052
0.09375,132109.44612685
0.21875,134006.87974084
0.46875,134826.7387997
0.96875,134813.09291359
1.96875,134302.37538232
2.96875,133864.73328601
3.96875,133572.30675563
4.96875,133386.80158461
5.96875,133268.04668548
6.96875,133189.64971733
7.96875,133136.18695152
8.96875,133098.79531238
9.96875,133072.24649111
10,133071.58775198
