time,E_hw_wet_well
0.03125,129144.25466037
0.09375,132109.44620563
0.21875,134006.87785006
0.46875,134826.73325971
0.96875,134813.08048794
1.96875,134302.3496908
2.46875,134030.98011458
3.46875,133647.49144623
4.46875,133415.40290663
5.46875,133273.60383137
6.46875,133183.74323465
7.46875,133124.45117706
8.46875,133084.03583579
9.46875,133055.91231251
10,133044.83986135
