time,E_hw_wet_well
0.03125,129161.21423441
0.09375,132141.41743839
0.21875,134048.32122206
0.46875,134872.23475104
0.96875,134858.01266941
1.96875,134340.7545282
2.96875,133895.69256565
3.96875,133597.81889649
4.96875,133409.03442851
5.96875,133288.32213355
6.96875,133208.62639856
7.96875,133154.22414336
8.96875,133116.12637916
9.96875,133089.03354394
10,133088.36037017
