time,E_hw_wet_well
0.03125,129161.21528574
0.09375,132141.4171285
0.21875,134048.31702863
0.46875,134872.22275146
0.96875,134857.9857838
1.96875,134340.69881394
2.96875,133895.60843994
3.96875,133597.70649615
4.96875,133408.8937851
5.96875,133288.15326243
6.96875,133208.42930997
7.96875,133153.99881958
8.96875,133115.87282267
9.96875,133088.75175574
10,133088.07770163
