time,E_hw_wet_well
0.03125,129175.16406269
0.09375,132167.73432456
0.21875,134082.46390002
0.46875,134909.74899215
0.96875,134895.05062756
1.96875,134372.32999096
2.96875,133921.11740035
3.96875,133618.75254924
4.96875,133427.25687147
5.96875,133304.90562442
6.96875,133224.10502927
7.96875,133168.89158311
8.96875,133130.17404586
9.96875,133102.59421374
10,133101.90792176
