time,E_hw_wet_well
0.03125,129197.96163169
0.09375,132210.726373
0.21875,134138.22186022
0.46875,134970.99593048
0.96875,134955.47151232
1.96875,134423.70765379
2.46875,134138.38795164
3.46875,133732.96045226
4.46875,133487.95711945
5.46875,133338.78390276
6.46875,133244.21056191
7.46875,133181.58374865
8.46875,133138.70141978
9.46875,133108.70012235
10,133096.81702304
