time,E_hw_wet_well
0.03125,129020.07009913
0.09375,131875.22439159
0.21875,133703.08442234
0.46875,134492.96872593
0.96875,134479.98599947
1.46875,134041.43581696
2.46875,133430.23845871
3.46875,133093.1692016
4.46875,132910.3504004
5.46875,132808.25848614
6.46875,132748.45148043
7.46875,132711.77784572
8.46875,132688.63102936
9.46875,132673.96895745
10,132668.80379376
