time,E_hw_wet_well
0.03125,129131.00393162
0.09375,132084.46137191
0.21875,133974.48147146
0.46875,134791.15843078
0.96875,134778.19504043
1.96875,134274.82423464
2.21875,134094.47069923
2.71875,133828.52586955
3.71875,133493.89958948
4.71875,133304.47802014
5.71875,133192.38485632
6.71875,133122.47013284
7.71875,133076.80452291
8.71875,133046.00488691
9.71875,133024.91829855
10,133020.47866677
