time,E_hw_wet_well
0.03125,129108.61370841
0.09375,132042.24740111
0.21875,133919.74848897
0.46875,134731.05223672
0.96875,134718.78652163
1.96875,134224.03542868
2.96875,133805.4257378
3.96875,133527.37372279
4.96875,133350.62448869
5.96875,133237.10464799
6.96875,133162.20168154
7.96875,133111.3049473
8.96875,133075.87958425
9.96875,133050.87786753
10,133050.26085719
