time,E_hw_wet_well
0.03125,129132.21594072
0.09375,132086.75951512
0.21875,133977.48397512
0.46875,134794.48413125
0.96875,134781.54139498
1.96875,134278.00400573
2.46875,134011.73883897
3.46875,133636.64980159
4.46875,133409.60540399
5.46875,133270.67675157
6.46875,133182.65679716
7.46875,133124.69528824
8.46875,133085.29187419
9.46875,133057.96085804
10,133047.23942609
