time,E_hw_wet_well
0.03125,129132.13350135
0.09375,132086.57336173
0.21875,133977.19123384
0.46875,134794.1000055
0.96875,134781.09849474
1.96875,134277.54374619
2.96875,133848.69236873
3.96875,133562.93902542
4.96875,133381.48278512
5.96875,133265.14556703
6.96875,133188.3726554
7.96875,133136.11431133
8.46875,133116.89756001
9.46875,133086.92990585
10,133074.77341056
