time,E_hw_wet_well
0.03125,129132.20593581
0.09375,132086.73630987
0.21875,133977.44645062
0.46875,134794.43306623
0.96875,134781.47876196
1.96875,134277.93088218
2.96875,133849.05516823
3.96875,133563.27267993
4.96875,133381.78936946
5.96875,133265.42820503
6.96875,133188.63404498
7.96875,133136.356512
8.96875,133099.87952611
9.96875,133074.05587432
10,133073.41680956
