time,E_hw_wet_well
0.03125,129132.17622177
0.09375,132086.66776935
0.21875,133977.33735495
0.46875,134794.28886153
0.96875,134781.31172945
1.96875,134277.75680162
2.96875,133848.88788757
3.96875,133563.11441644
4.96875,133381.63925624
5.96875,133265.28490046
6.96875,133188.49638659
7.96875,133136.22360913
8.96875,133099.75073715
9.96875,133073.93068933
10,133073.29172564
