time,E_hw_wet_well
0.03125,129132.11882005
0.09375,132086.535385
0.21875,133977.1266859
0.46875,134794.01043257
0.96875,134780.98930031
1.96875,134277.42085302
2.96875,133848.56521085
3.96875,133562.80923039
4.96875,133381.34989331
5.96875,133265.00876925
6.96875,133188.23124532
7.96875,133135.96773036
8.96875,133099.50284249
9.96875,133073.68979738
10,133073.05104499
