time,E_hw_wet_well
0.03125,129149.5757446
0.09375,132119.48145744
0.21875,134019.89639071
0.46875,134841.042955
0.96875,134827.53195006
1.96875,134317.3832772
2.96875,133880.92482149
3.96875,133589.51260369
4.96875,133404.61561593
5.96875,133286.21348552
6.96875,133208.06427721
7.96875,133154.8030934
8.96875,133117.58295263
9.96875,133091.18346161
10,133090.52904661
