time,E_hw_wet_well
0.03125,129149.55678295
0.09375,132119.43750755
0.21875,134019.82589972
0.46875,134840.94837346
0.96875,134827.41894963
1.96875,134317.25768074
2.46875,134046.53535905
3.46875,133664.28963008
4.46875,133432.96269136
5.46875,133291.58685247
6.46875,133202.01036412
7.46875,133142.94563658
8.46875,133102.72167003
9.46875,133074.76287879
10,133063.76928563
