time,E_hw_wet_well
0.03125,129155.57114732
0.09375,132130.77103604
0.21875,134034.51252279
0.46875,134857.06941759
0.96875,134843.34111751
1.96875,134330.88337354
2.96875,133891.80704407
3.96875,133598.47187597
4.96875,133412.42040607
5.96875,133293.3340103
6.96875,133214.73455751
7.96875,133161.1502099
8.96875,133123.68930606
9.96875,133097.10628892
10,133096.44703864
