time,E_hw_wet_well
0.03125,129155.58717992
0.09375,132130.81037893
0.21875,134034.57676073
0.46875,134857.1546157
0.96875,134843.43760162
1.96875,134330.9770176
2.46875,134058.70766917
3.46875,133673.99706455
4.46875,133441.20848162
5.46875,133299.0034796
6.46875,133208.90384002
7.46875,133149.4726906
8.46875,133108.98040552
9.46875,133080.8201182
10,133069.74072303
