time,E_hw_wet_well
0.03125,129155.58680174
0.09375,132130.80924037
0.21875,134034.57410795
0.46875,134857.14893438
0.96875,134843.42586722
1.96875,134330.95318099
2.96875,133891.85261014
3.96875,133598.4916025
4.96875,133412.41476148
5.96875,133293.30381967
6.96875,133214.6805777
7.96875,133161.07302264
8.96875,133123.58932301
9.96875,133096.98383025
10,133096.32388515
