time,E_hw_wet_well
0.03125,129142.24370986
0.09375,132105.65672302
0.21875,134001.97107538
0.46875,134821.36038334
0.96875,134808.35414791
1.96875,134303.32669495
2.46875,134036.28769359
3.46875,133660.1232227
4.46875,133432.44389832
5.46875,133293.14140095
6.46875,133204.89793822
7.46875,133146.80144775
8.46875,133107.31757529
9.46875,133079.94150819
10,133069.20727587
