time,E_hw_wet_well
0.03125,129142.19284047
0.09375,132105.53793304
0.21875,134001.78173924
0.46875,134821.10874474
0.96875,134808.05928857
1.96875,134303.01167898
2.46875,134035.97708666
3.46875,133659.82247326
4.46875,133432.15027
5.46875,133292.8519467
6.46875,133204.61034543
6.96875,133174.0989403
7.96875,133127.88967604
8.96875,133095.33857509
9.96875,133072.3559892
10,133071.78883343
