time,E_hw_wet_well
0.03125,129142.18158741
0.09375,132105.51265962
0.21875,134001.7408542
0.46875,134821.05445068
0.96875,134807.99621349
1.96875,134302.94581948
2.46875,134035.91309001
3.46875,133659.76244952
4.46875,133432.09362625
5.46875,133292.79803358
6.46875,133204.55865421
7.46875,133146.46417686
8.46875,133106.98082641
9.46875,133079.6041846
10,133068.86927433
