time,E_hw_wet_well
0.03125,129142.24345982
0.09375,132105.65507526
0.21875,134001.96648311
0.46875,134821.35009074
0.96875,134808.33258168
1.96875,134303.28273705
2.96875,133873.14813168
3.96875,133586.53821672
4.96875,133404.53865567
5.96875,133287.85453047
6.96875,133210.85445417
7.96875,133158.44335164
8.96875,133121.87936778
9.96875,133096.00004461
10,133095.35972634
