time,E_hw_wet_well
0.03125,129165.72126495
0.09375,132149.92141319
0.21875,134059.36441072
0.46875,134884.38899639
0.96875,134870.62012069
1.96875,134356.60475384
2.46875,134083.52243616
3.46875,133697.70120087
4.46875,133464.26844812
5.46875,133321.68268252
6.46875,133231.35208048
7.46875,133171.77977006
8.46875,133131.20222575
9.46875,133102.99285828
9.734375,133095.55006211
10,133089.91757487
