time,E_hw_wet_well
0.03125,129182.82579273
0.09375,132182.1816831
0.21875,134101.20510364
0.46875,134930.34808656
0.96875,134915.99489687
1.96875,134395.30850369
2.96875,133947.3971802
3.96875,133647.71804605
4.46875,133545.32543105
5.46875,133398.15154531
6.46875,133300.49872771
7.46875,133234.04389796
8.46875,133187.70200498
9.46875,133154.80148836
10,133141.59826032
