time,E_hw_wet_well
0.03125,129182.82442996
0.09375,132182.17888502
0.21875,134101.20032323
0.46875,134930.33959868
0.96875,134915.97866877
1.96875,134395.27631978
2.96875,133947.3487915
3.96875,133647.65335252
4.96875,133457.7529223
5.96875,133336.33315609
6.96875,133256.17570126
7.96875,133201.46798682
8.96875,133163.16638193
9.96875,133135.93772658
10,133135.26138093
