time,E_hw_wet_well
0.03125,129151.42325104
0.09375,132122.97229424
0.21875,134024.43684942
0.46875,134846.05082628
0.96875,134833.01295771
1.96875,134326.62309056
2.96875,133895.35318153
3.96875,133607.99833185
4.96875,133425.53829894
5.96875,133308.57139372
6.96875,133231.39655419
7.96875,133178.87765419
8.96875,133142.24906568
9.96875,133116.33428775
10,133115.69332955
