time,E_hw_wet_well
0.03125,129136.075491
0.09375,132094.02343208
0.21875,133986.87839418
0.46875,134804.77604199
0.96875,134792.40692811
1.96875,134293.73964604
2.46875,134031.41681811
3.46875,133663.14872197
4.46875,133440.21378538
5.46875,133303.58918875
6.46875,133217.05935305
7.46875,133160.20855563
8.46875,133121.67824822
9.46875,133095.05324303
10,133084.65327088
