time,E_hw_wet_well
0.03125,129183.46697218
0.09375,132183.38887532
0.21875,134102.77371623
0.46875,134932.07974946
0.96875,134918.2080976
1.96875,134401.44274119
2.46875,134126.92296165
3.46875,133739.12913125
4.46875,133504.53996064
4.96875,133428.80002801
5.96875,133319.98685323
6.96875,133247.24478616
7.96875,133197.47696828
8.96875,133162.77398952
9.96875,133138.32468401
10,133137.72232535
