time,E_hw_wet_well
0.03125,129009.62489779
0.09375,131855.51445025
0.21875,133677.51239061
0.46875,134464.86775487
0.96875,134452.83626566
1.46875,134019.66430185
2.46875,133423.85546723
3.46875,133100.6538185
4.46875,132926.99275417
5.46875,132830.37361478
6.46875,132774.07617054
7.46875,132739.91015723
8.46875,132718.66703544
8.96875,132711.60863239
9.96875,132701.7507361
10,132701.53253002
