time,E_hw_wet_well
0.03125,129009.71615182
0.09375,131855.72656499
0.21875,133677.85040676
0.46875,134465.31383076
0.96875,134453.35061096
1.96875,133972.65600403
2.96875,133566.00596681
3.96875,133296.02976184
4.96875,133124.41262728
5.96875,133014.09375165
6.96875,132941.20571375
7.96875,132891.6009283
8.96875,132857.00560269
9.96875,132832.52122257
10,132831.91544663
