time,E_hw_wet_well
0.03125,129009.63812085
0.09375,131855.54477431
0.21875,133677.56022269
0.46875,134464.92989958
0.96875,134452.90566908
1.96875,133972.19225692
2.21875,133800.47675094
2.71875,133548.57206742
3.71875,133232.55069579
4.21875,133138.42120777
5.21875,133008.82021362
6.21875,132926.12751844
7.21875,132871.66992143
8.21875,132834.74401466
9.21875,132809.23179268
10,132795.02226354
