time,E_hw_wet_well
0.03125,129009.62234517
0.09375,131855.50783428
0.21875,133677.50098548
0.46875,134464.85127119
0.96875,134452.81436692
1.96875,133972.09700308
2.96875,133565.46902107
3.96875,133295.52190528
4.96875,133123.93100468
5.96875,133013.63400658
6.96875,132940.76411297
7.46875,132914.66248764
8.46875,132874.4337304
9.46875,132845.57628415
10,132833.9521834
