time,E_hw_wet_well
0.03125,129009.59591933
0.09375,131855.44718249
0.21875,133677.40457486
0.46875,134464.72384671
0.96875,134452.66681087
1.96875,133971.94332163
2.96875,133565.32147797
3.96875,133295.38241665
4.96875,133123.79878333
5.96875,133013.50787001
6.96875,132940.6430242
7.96875,132891.05778184
8.96875,132856.47928361
9.96875,132832.0096824
10,132831.40433647
