time,E_hw_wet_well
0.03125,129009.66829114
0.09375,131855.61675484
0.21875,133677.6746616
0.46875,134465.07855442
0.96875,134453.07170776
1.96875,133972.35149779
2.96875,133565.69807247
3.96875,133295.72199945
4.96875,133124.10361441
5.96875,133013.78136716
6.96875,132940.88811689
7.96875,132891.27671164
8.96875,132856.67372326
9.96875,132832.1808952
10,132831.57483967
