time,E_hw_wet_well
0.03125,129015.59173984
0.09375,131866.78839867
0.21875,133692.16659607
0.46875,134481.00690747
0.96875,134468.87630588
1.96875,133986.11347656
2.96875,133576.97173986
3.96875,133305.05421133
4.96875,133132.23007992
5.96875,133021.1966573
6.96875,132947.84510862
7.96875,132897.90820852
8.96875,132863.064146
9.96875,132838.38954367
10,132837.77875092
