time,E_hw_wet_well
0.03125,129015.61453061
0.09375,131866.84311618
0.21875,133692.2535267
0.46875,134481.11929268
0.96875,134469.00040623
1.96875,133986.22914083
2.96875,133577.06751006
3.96875,133305.12833112
4.96875,133132.28330922
5.96875,133021.23011763
6.96875,132947.85976953
7.96875,132897.90481129
8.96875,132863.04324152
9.46875,132849.99178138
10,132838.44768064
