time,E_hw_wet_well
0.03125,129015.52865152
0.09375,131866.64545323
0.21875,133691.93923992
0.46875,134480.70403587
0.96875,134468.51958428
1.96875,133985.72824799
2.96875,133576.58646356
3.96875,133304.67338018
4.96875,133131.85189974
5.96875,133020.81836263
6.96875,132947.46432061
7.96875,132897.52310756
8.96875,132862.67337287
9.96875,132837.99207842
10,132837.38106076
