time,E_hw_wet_well
0.03125,129032.56829145
0.09375,131898.81836493
0.21875,133733.72107385
0.46875,134526.67321191
0.96875,134514.14294672
1.96875,134025.38465644
2.21875,133850.24418934
2.71875,133591.95404482
3.71875,133266.87730272
4.71875,133082.76721325
5.71875,132973.72923749
6.71875,132905.6393847
7.71875,132861.09141079
8.71875,132830.97580413
9.71875,132810.28991108
10,132805.91946668
