time,E_hw_wet_well
0.03125,129070.30898871
0.09375,131969.98184958
0.21875,133825.98783356
0.46875,134628.00086757
0.96875,134615.27144301
1.96875,134120.88412069
2.96875,133699.76606636
3.96875,133419.10327775
4.96875,133240.82104293
5.96875,133126.46379571
6.96875,133050.94633409
7.96875,132999.49483178
8.96875,132963.5533893
9.96875,132938.06929522
10,132937.43775255
