time,E_hw_wet_well
0.03125,128974.99644035
0.09375,131790.21540931
0.21875,133592.85363467
0.46875,134371.89839421
0.96875,134360.00833932
1.96875,133884.24095541
2.96875,133481.79507425
3.96875,133214.66547305
4.96875,133044.86674565
5.96875,132935.68846142
6.96875,132863.52228452
7.96875,132814.38380996
8.96875,132780.09171899
9.96875,132755.80014955
10,132755.19865857
