time,E_hw_wet_well
0.03125,129048.47797522
0.09375,131928.78987532
0.21875,133772.53549897
0.46875,134569.24589378
0.96875,134556.58354734
1.96875,134065.4342686
2.96875,133647.07264054
3.96875,133368.23894312
4.46875,133272.8223532
5.46875,133135.17173983
6.46875,133043.70689975
7.46875,132981.5336419
8.46875,132938.2523647
9.46875,132907.58147088
10,132895.29700522
