time,E_hw_wet_well
0.03125,129009.06668384
0.09375,131854.46737559
0.21875,133676.1659096
0.46875,134463.40152529
0.96875,134450.9262312
1.96875,133965.61671858
2.46875,133708.95232414
3.46875,133347.29660161
4.46875,133128.27029136
5.46875,132994.13797762
6.46875,132909.05324515
7.46875,132852.92803942
8.46875,132814.68224495
9.46875,132788.06717929
10,132777.58709439
