time,E_hw_wet_well
0.03125,128995.85526665
0.09375,131829.55369652
0.21875,133643.86229229
0.46875,134427.92315836
0.96875,134415.9548439
1.96875,133937.21018
2.96875,133532.24369254
3.96875,133263.41399446
4.96875,133092.53249799
5.96875,132982.67738993
6.96875,132910.08480348
7.96875,132860.67248237
8.46875,132842.50548628
9.46875,132814.17194384
10,132802.67538439
