time,E_hw_wet_well
0.03125,129041.24438703
0.09375,131915.16365741
0.21875,133754.88485648
0.46875,134549.87610615
0.96875,134536.7765371
1.96875,134041.93875726
2.96875,133617.60253976
3.96875,133333.7381454
4.96875,133153.48475734
5.96875,133038.01346495
6.96875,132961.71713426
7.96875,132909.61075493
8.96875,132873.09238368
9.96875,132847.09244496
10,132846.4457542
