time,E_hw_wet_well
0.03125,129048.53970586
0.09375,131928.92965712
0.21875,133772.75448118
0.46875,134569.52874409
0.96875,134556.89655699
1.96875,134065.7282927
2.96875,133647.31919853
3.96875,133368.43354859
4.96875,133191.25354077
5.96875,133077.57839625
6.96875,133002.48811381
7.96875,132951.30605728
8.96875,132915.53245979
9.96875,132890.14774035
10,132889.51822364
