time,E_hw_wet_well
0.03125,129048.50374718
0.09375,131928.84597042
0.21875,133772.62045724
0.46875,134569.35084447
0.96875,134556.68997398
1.96875,134065.51265827
2.96875,133647.11195465
3.96875,133368.23750869
4.96875,133191.06765054
5.96875,133077.40090974
6.96875,133002.31764943
7.96875,132951.14153448
8.96875,132915.37306591
9.96875,132889.9928511
10,132889.36346493
