time,E_hw_wet_well
0.03125,129048.50744815
0.09375,131928.85516288
0.21875,133772.63564689
0.46875,134569.37078251
0.96875,134556.71152745
1.96875,134065.53076403
2.96875,133647.12414318
3.96875,133368.24333604
4.96875,133191.06725604
5.96875,133077.39449822
6.96875,133002.30540815
7.96875,132951.12359828
8.96875,132915.34954405
9.96875,132889.96382919
10,132889.33427296
