time,E_hw_wet_well
0.03125,129071.37816584
0.09375,131972.00878493
0.21875,133828.62987759
0.46875,134630.91659307
0.96875,134617.67887308
1.96875,134118.2144908
2.96875,133689.9896332
3.96875,133403.62247008
4.96875,133221.83709656
5.96875,133105.41072592
6.96875,133028.50554344
7.96875,132976.00829145
8.96875,132939.24075015
9.96875,132913.08684434
10,132912.43684272
