time,E_hw_wet_well
0.03125,129071.38368532
0.09375,131972.02262927
0.21875,133828.6502985
0.46875,134630.93832649
0.96875,134617.69215245
1.96875,134118.20197591
2.96875,133689.94819444
3.96875,133403.55163794
4.46875,133305.53936018
5.46875,133164.42154361
6.46875,133070.70386681
7.46875,133006.90636233
8.46875,132962.39391202
9.46875,132930.76489594
10,132918.05960349
