time,E_hw_wet_well
0.03125,129087.96464228
0.09375,132003.27629068
0.21875,133869.15404017
0.46875,134675.39768153
0.96875,134661.643653
1.96875,134155.98832257
2.96875,133720.56261113
3.96875,133428.77476423
4.46875,133328.94113268
5.46875,133185.40919649
6.46875,133090.13565992
7.46875,133025.22976366
8.46875,132979.89065364
9.46875,132947.6302691
10,132934.65249364
