time,E_hw_wet_well
0.03125,129087.92367522
0.09375,132003.18486146
0.21875,133869.00990708
0.46875,134675.20757459
0.96875,134661.42370561
1.96875,134155.7591451
2.46875,133886.08318845
3.46875,133503.848384
4.46875,133272.3478741
5.46875,133131.00662813
6.46875,133041.39337433
7.46875,132982.14104392
8.46875,132941.63488459
9.46875,132913.34602414
10,132902.16347127
