time,E_hw_wet_well
0.03125,129101.56064866
0.09375,132028.90904075
0.21875,133902.37887112
0.46875,134711.87068585
0.96875,134697.67963442
1.96875,134186.88554875
2.96875,133745.54149595
3.96875,133449.34153317
4.96875,133261.55304988
5.46875,133198.02666039
6.46875,133104.09099811
7.46875,133039.21042134
8.46875,132993.53974009
9.46875,132960.89818573
10,132947.72557142
