time,E_hw_wet_well
0.03125,129054.15111773
0.09375,131939.50702929
0.21875,133786.46403459
0.46875,134584.58300167
0.96875,134571.92996163
1.96875,134079.95631771
2.46875,133819.78716597
3.46875,133453.23522136
4.46875,133231.2951892
5.46875,133095.42812383
6.46875,133009.28946116
7.46875,132952.51217676
8.46875,132913.86243199
9.46875,132887.00484494
10,132876.44671415
