time,E_hw_wet_well
0.03125,129054.17414731
0.09375,131939.56248775
0.21875,133786.55192067
0.46875,134584.69579285
0.96875,134572.05245161
1.96875,134080.06555205
2.96875,133660.96432417
3.96875,133381.62647788
4.96875,133204.16899271
5.96875,133090.32537122
6.96875,133015.13296991
7.96875,132963.88991932
8.96875,132928.08182751
9.46875,132914.65864888
10,132902.7745476
