time,E_hw_wet_well
0.03125,129054.13937483
0.09375,131939.4764872
0.21875,133786.41096183
0.46875,134584.50599445
0.96875,134571.82775243
1.96875,134079.82273113
2.96875,133660.72207272
3.96875,133381.38783068
4.96875,133203.93287186
5.96875,133090.09003376
6.96875,133014.89689785
7.96875,132963.65194779
8.96875,132927.84108412
9.96875,132902.43631918
10,132901.80644758
