time,E_hw_wet_well
0.03125,129077.00814249
0.09375,131982.61056029
0.21875,133842.35299435
0.46875,134645.95936046
0.96875,134632.65707848
1.96875,134132.30130294
2.96875,133703.34488327
3.96875,133416.51034743
4.96875,133234.43893068
5.96875,133117.83312524
6.96875,133040.81203151
7.96875,132988.23862298
8.96875,132951.42062678
9.96875,132925.2334554
10,132924.58268804
