time,E_hw_wet_well
0.03125,129093.67432211
0.09375,132014.05262369
0.21875,133883.14036887
0.46875,134690.77287141
0.96875,134676.98923861
1.96875,134170.42591451
2.96875,133734.23698894
3.96875,133441.96122837
4.96875,133256.55761917
5.96875,133137.94934918
6.96875,133059.59364355
7.46875,133031.43928472
8.46875,132987.86174701
9.46875,132956.41366937
10,132943.66546842
