time,E_hw_wet_well
0.03125,129033.83790668
0.09375,131901.19964127
0.21875,133736.78764093
0.46875,134530.01622298
0.96875,134517.93796015
1.96875,134033.79697837
2.46875,133779.14156303
3.46875,133421.83343756
4.46875,133205.60521598
5.46875,133073.00735964
6.46875,132988.92435435
7.46875,132933.60181179
8.46875,132896.03872049
9.46875,132870.01415496
10,132859.81718655
