time,E_hw_wet_well
0.03125,129056.89888122
0.09375,131944.69842006
0.21875,133793.20928427
0.46875,134592.00634708
0.96875,134579.35079118
1.96875,134086.96591997
2.46875,133826.57541956
3.46875,133459.70839191
4.46875,133237.57434776
5.46875,133101.58575416
6.46875,133015.36764055
7.46875,132958.53587019
8.46875,132919.84711219
9.46875,132892.96061841
10,132882.39031916
