time,E_hw_wet_well
0.03125,129016.06270711
0.09375,131867.70679436
0.21875,133693.39003461
0.46875,134482.3841263
0.96875,134471.03656756
1.96875,133995.92707998
2.96875,133598.00728791
3.96875,133335.33914381
4.96875,133168.26240131
5.96875,133060.61059481
6.96875,132989.50936221
7.96875,132941.26749403
8.96875,132907.76647069
9.96875,132884.18335436
10,132883.60268562
