time,E_hw_wet_well
0.03125,129030.10824504
0.09375,131894.16766506
0.21875,133727.66580602
0.46875,134519.99305759
0.96875,134508.28650055
1.96875,134028.28037339
2.96875,133624.40566371
3.96875,133357.06773324
4.96875,133187.07069293
5.96875,133077.68206437
6.96875,133005.44930361
7.96875,132956.39196258
8.96875,132922.27558114
9.96875,132898.21765532
10,132897.62437204
