time,E_hw_wet_well
0.03125,129030.15119445
0.09375,131894.26645973
0.21875,133727.82225396
0.46875,134520.19787666
0.96875,134508.51907317
1.96875,134028.51215008
2.96875,133624.6164334
3.96875,133357.25435598
4.96875,133187.23452619
5.96875,133077.82509724
6.96875,133005.57323503
7.96875,132956.4980906
8.96875,132922.36487487
9.96875,132898.29083856
10,132897.69706586
