time,E_hw_wet_well
0.03125,129030.11323714
0.09375,131894.17843556
0.21875,133727.68166076
0.46875,134520.01154405
0.96875,134508.30290627
1.96875,134028.28673232
2.96875,133624.39991321
3.96875,133357.04958913
4.96875,133187.04033361
5.96875,133077.63971603
6.96875,133005.39516841
7.96875,132956.32617261
8.96875,132922.19825099
9.96875,132898.12886611
10,132897.53522624
