time,E_hw_wet_well
0.03125,129019.32172054
0.09375,131873.80591839
0.21875,133701.23971334
0.46875,134490.93930641
0.96875,134478.41502899
1.96875,133991.58810673
2.46875,133734.12950519
3.46875,133371.36699805
4.46875,133151.68473765
5.46875,133017.16423358
6.46875,132931.84576642
7.46875,132875.57790116
8.46875,132837.24564509
9.46875,132810.58065791
10,132800.08553287
