time,E_hw_wet_well
0.03125,129030.15100684
0.09375,131894.26549637
0.21875,133727.81928306
0.46875,134520.19065966
0.96875,134508.50348972
1.96875,134028.4800366
2.96875,133624.56788701
3.96875,133357.18942956
4.96875,133187.15324304
5.96875,133077.72747319
6.96875,133005.45927798
7.96875,132956.36780447
8.96875,132922.21827438
9.96875,132898.12792553
10,132897.53364124
