time,E_hw_wet_well
0.03125,129030.11196421
0.09375,131894.17547982
0.21875,133727.67593309
0.46875,134520.00048757
0.96875,134508.2809761
1.96875,134028.24270851
2.96875,133624.33360619
3.96875,133356.96092926
4.96875,133186.92933059
5.96875,133077.50638582
6.96875,133005.23950988
7.96875,132956.14820816
8.96875,132921.9979886
9.96875,132897.90631306
10,132897.31197857
