time,E_hw_wet_well
0.03125,129038.8683555
0.09375,131910.67968047
0.21875,133749.06506302
0.46875,134543.4800988
0.96875,134531.53666424
1.96875,134048.41152816
2.96875,133640.77102529
3.96875,133370.49074543
4.96875,133198.64602303
5.96875,133088.14157006
6.96875,133015.16610312
7.96875,132965.56191382
8.96875,132931.02321195
9.46875,132918.12316138
10,132906.73385799
