time,E_hw_wet_well
0.03125,129038.88320368
0.09375,131910.71178249
0.21875,133749.1143309
0.46875,134543.54332163
0.96875,134531.60673471
1.96875,134048.47840565
2.96875,133640.8286952
3.96875,133370.53831978
4.96875,133198.68392651
5.96875,133088.1704188
6.96875,133015.18639171
7.96875,132965.57406543
8.96875,132931.02752962
9.96875,132906.62707582
10,132906.02447511
