time,E_hw_wet_well
0.03125,129047.20235864
0.09375,131926.42141405
0.21875,133769.52333201
0.46875,134566.01057958
0.96875,134553.92530656
1.96875,134067.91143741
2.96875,133656.75220757
3.96875,133383.74081693
4.96875,133210.20166409
5.96875,133098.69156332
6.96875,133025.06179235
7.46875,132998.70355517
8.46875,132958.10184367
9.46875,132929.00576171
10,132917.2989826
