time,E_hw_wet_well
0.03125,129047.20207643
0.09375,131926.42058095
0.21875,133769.5213312
0.46875,134566.00624433
0.96875,134553.91638734
1.96875,134067.89332199
2.46875,133812.23683716
3.46875,133453.4968778
4.46875,133236.39130612
5.46875,133103.26666391
6.46875,133018.86461029
7.46875,132963.34407866
8.46875,132925.65692727
9.46875,132899.55667459
10,132889.33480398
