time,E_hw_wet_well
0.03125,129047.16979527
0.09375,131926.34620464
0.21875,133769.40293607
0.46875,134565.8491377
0.96875,134553.7325591
1.96875,134067.69735678
2.46875,133812.04381833
3.46875,133453.31039099
4.46875,133236.20958993
5.46875,133103.08787913
6.46875,133018.68731374
7.46875,132963.16722215
8.46875,132925.47974694
9.46875,132899.37860408
10,132889.15607636
