time,E_hw_wet_well
0.03125,129047.18134275
0.09375,131926.3726112
0.21875,133769.44461297
0.46875,134565.90380955
0.96875,134553.79518929
1.46875,134115.74314938
2.46875,133513.25734276
3.46875,133186.38490533
4.46875,133010.73000413
5.46875,132913.02696057
6.46875,132856.13540372
7.46875,132821.64170991
8.46875,132800.22502587
9.46875,132786.98244844
10,132782.47177725
