time,E_hw_wet_well
0.03125,129047.22947969
0.09375,131926.48636927
0.21875,133769.62613696
0.46875,134566.14233021
0.96875,134554.06797975
1.96875,134068.03763704
2.96875,133656.84819536
3.96875,133383.80448165
4.96875,133210.23392116
5.96875,133098.69376816
6.96875,133025.03510754
7.96875,132974.93445517
8.96875,132940.01865798
9.96875,132915.33252966
10,132914.72232355
