time,E_hw_wet_well
0.03125,129047.15587774
0.09375,131926.31356586
0.21875,133769.3496297
0.46875,134565.77572534
0.96875,134553.64079545
1.96875,134067.586808
2.46875,133811.92779662
3.46875,133453.18369983
4.46875,133236.07150307
5.46875,133102.93759538
6.46875,133018.52421466
7.46875,132962.99085583
8.46875,132925.28979283
9.46875,132899.17483042
10,132888.9448821
