time,E_hw_wet_well
0.03125,129019.2826698
0.09375,131873.71570158
0.21875,133701.09556532
0.46875,134490.74732135
0.96875,134478.18923648
1.96875,133991.34503745
2.46875,133733.8888139
3.46875,133371.13186663
4.46875,133151.45308123
5.46875,133016.93382103
6.46875,132931.61484329
7.46875,132875.34517238
8.46875,132837.01017992
9.46875,132810.34176053
10,132799.84458869
