time,E_hw_wet_well
0.03125,129047.18606099
0.09375,131926.38656686
0.21875,133769.4670146
0.46875,134565.93070707
0.96875,134553.81948754
1.96875,134067.77090754
2.46875,133812.10542349
3.46875,133453.34775966
4.46875,133236.22379152
5.46875,133103.08001074
6.46875,133018.65823235
7.46875,132963.11754859
8.46875,132925.40993353
9.46875,132899.28898147
10,132889.05604498
