time,E_hw_wet_well
0.03125,129053.15434296
0.09375,131937.63334692
0.21875,133784.04056582
0.46875,134581.92798744
0.96875,134569.65962245
1.96875,134081.48615356
2.46875,133824.34482618
3.46875,133463.12984656
4.46875,133244.49590875
5.46875,133110.49519138
6.46875,133025.54229573
7.46875,132969.63248528
8.46875,132931.65484673
9.46875,132905.33199208
10,132895.01363205
