time,E_hw_wet_well
0.03125,129053.12295951
0.09375,131937.56090804
0.21875,133783.92434763
0.46875,134581.77290545
0.96875,134569.47808441
1.96875,134081.29374635
2.96875,133667.56851181
3.96875,133392.57981199
4.96875,133217.81229872
5.96875,133105.56494805
6.96875,133031.44616446
7.96875,132981.01517781
8.96875,132945.85168919
9.96875,132920.97567169
10,132920.36044673
