time,E_hw_wet_well
0.03125,129053.15560787
0.09375,131937.63352655
0.21875,133784.03879191
0.46875,134581.92309527
0.96875,134569.64886914
1.96875,134081.46411947
2.96875,133667.72344142
3.96875,133392.71688961
4.96875,133217.93244752
5.96875,133105.66960446
6.96875,133031.53658248
7.96875,132981.09230844
8.96875,132945.91623942
9.96875,132921.02820286
10,132920.41260925
