time,E_hw_wet_well
0.03125,129056.07514343
0.09375,131943.14917288
0.21875,133791.20528469
0.46875,134589.81174578
0.96875,134577.48040827
1.96875,134088.26594163
2.46875,133830.3967422
3.46875,133467.96912975
4.46875,133248.58491099
5.46875,133114.15131927
6.46875,133028.92400182
7.46875,132972.81896612
8.46875,132934.69475049
9.46875,132908.25876533
10,132897.89102482
