time,E_hw_wet_well
0.03125,129070.30902987
0.09375,131969.98450323
0.21875,133825.9948402
0.46875,134628.01559779
0.71875,134249.58373818
1.21875,133651.78229756
2.21875,133033.48260532
3.21875,132780.17851881
4.21875,132680.11078692
5.21875,132642.34257693
6.21875,132630.13794548
6.71875,132629.56254643
7.71875,132632.21190917
8.71875,132637.68991112
9.71875,132644.89524176
10,132647.18140965
