time,E_hw_wet_well
0.03125,129070.26736923
0.09375,131969.88553305
0.21875,133825.83547508
0.46875,134627.80311888
0.71875,134249.3643547
1.21875,133651.56070219
2.21875,133033.26380661
3.21875,132779.96275863
4.21875,132679.89623486
5.21875,132642.12745925
6.21875,132629.92094397
7.21875,132628.66867193
8.21875,132632.48963374
9.21875,132638.92291011
10,132645.07795205
