time,E_hw_wet_well
0.03125,129070.26617108
0.09375,131969.8833465
0.21875,133825.83186222
0.46875,134627.79676102
0.96875,134615.03980173
1.96875,134120.65341002
2.96875,133699.55640991
3.96875,133418.91786777
4.96875,133240.65862034
5.96875,133126.32240918
6.96875,133050.82429291
7.96875,132999.39086141
8.96875,132963.46649838
9.96875,132937.99874479
10,132937.36770045
