time,E_hw_wet_well
0.03125,129070.32289051
0.09375,131970.01406804
0.21875,133826.03950621
0.46875,134628.07025118
0.96875,134615.3543723
1.96875,134120.97634603
2.96875,133699.86119807
3.96875,133419.20030219
4.96875,133240.92035706
5.96875,133126.56601679
6.96875,133051.0519939
7.96875,132999.60436263
8.96875,132963.66708299
9.96875,132938.18737325
10,132937.55596719
