time,E_hw_wet_well
0.03125,129070.27715207
0.09375,131969.90858124
0.21875,133825.8716658
0.46875,134627.84840597
0.96875,134615.09745527
1.96875,134120.70864443
2.46875,133859.27910825
3.46875,133490.96440145
4.46875,133267.97036856
5.46875,133131.46998355
6.46875,133044.94054584
7.46875,132987.91546065
8.46875,132949.10606118
9.46875,132922.14611102
10,132911.551615
