time,E_hw_wet_well
0.03125,129070.25439525
0.09375,131969.85935022
0.21875,133825.79487079
0.46875,134627.74745303
0.96875,134614.98089848
1.96875,134120.58738552
2.96875,133699.4875836
3.96875,133418.84692598
4.96875,133240.58528778
5.96875,133126.24626953
6.96875,133050.74499559
7.96875,132999.30810546
8.96875,132963.3800736
9.96875,132937.90848865
10,132937.27731939
