time,E_hw_wet_well
0.03125,129070.25472956
0.09375,131969.85814691
0.21875,133825.79168057
0.46875,134627.74124493
0.96875,134614.96870229
1.96875,134120.56321645
2.96875,133699.45139155
3.96875,133418.79865767
4.46875,133322.76503408
5.46875,133184.2324375
6.46875,133092.1910371
7.46875,133029.63479259
8.46875,132986.09533914
9.46875,132955.249575
10,132942.89869751
