time,E_hw_wet_well
0.03125,129070.26279367
0.09375,131969.87901055
0.21875,133825.82529395
0.46875,134627.78496834
0.96875,134615.01816577
1.96875,134120.61244602
2.96875,133699.49627263
3.96875,133418.8385929
4.96875,133240.56020773
5.96875,133126.20484987
6.96875,133050.68758072
7.96875,132999.23499139
8.96875,132963.29147477
9.96875,132937.80456928
10,132937.17292783
