time,E_hw_wet_well
0.03125,129070.34085887
0.09375,131970.05541399
0.21875,133826.10347852
0.46875,134628.15054138
0.96875,134615.43824263
1.96875,134121.04399722
2.46875,133859.59365471
3.46875,133491.23607465
4.46875,133268.20264663
5.46875,133131.66657099
6.46875,133045.10435178
7.46875,132988.04861861
8.46875,132949.21012457
9.46875,132922.22221892
10,132911.6132579
