time,E_hw_wet_well
0.03125,129070.30827401
0.09375,131969.97966754
0.21875,133825.98273557
0.46875,134627.98995138
0.96875,134615.24886388
1.96875,134120.83820314
2.46875,133859.38863711
3.46875,133491.03320512
4.46875,133268.00016689
5.46875,133131.46262312
6.46875,133044.89749886
7.46875,132987.83779443
8.46875,132948.99455805
9.46875,132922.00134281
10,132911.38937246
