time,E_hw_wet_well
0.03125,129087.40916671
0.09375,132002.24662847
0.21875,133867.85238632
0.46875,134674.01166681
0.96875,134660.82443873
1.96875,134160.16166659
2.96875,133731.65067086
3.96875,133445.37442384
4.96875,133263.63640161
5.96875,133147.20333939
6.96875,133070.3056317
7.96875,133017.84650043
8.96875,132981.1374425
9.96875,132955.05351155
10,132954.4058779
