time,E_hw_wet_well
0.03125,129041.92844363
0.09375,131916.43799684
0.21875,133756.51492757
0.46875,134551.64055547
0.96875,134538.51252699
1.96875,134043.55708884
2.96875,133619.13591461
3.96875,133335.22188162
4.96875,133154.94096272
5.96875,133039.45437333
6.46875,132999.30299236
7.46875,132938.37920213
8.46875,132895.18934313
9.46875,132864.25781904
10,132851.77650634
