time,E_hw_wet_well
0.03125,129093.29381602
0.09375,132013.3346435
0.21875,133882.21454122
0.46875,134689.76918444
0.96875,134676.40135648
1.96875,134173.56344832
2.96875,133742.52588645
3.96875,133454.35903832
4.96875,133271.47896445
5.96875,133154.37602781
6.96875,133077.04509783
7.96875,133024.27975389
8.96875,132987.34640052
9.96875,132961.09530738
10,132960.4433425
