time,E_hw_wet_well
0.03125,129093.33963917
0.09375,132013.43570869
0.21875,133882.37185175
0.46875,134689.97310295
0.96875,134676.6301708
1.96875,134173.78692153
2.46875,133906.53901418
3.46875,133528.70283346
4.46875,133299.91615542
5.46875,133160.09379651
6.46875,133071.45880474
7.46875,133012.94219678
8.46875,132973.02183135
9.46875,132945.21175402
10,132934.24896855
