time,E_hw_wet_well
0.03125,129093.32767668
0.09375,132013.4086073
0.21875,133882.3294859
0.46875,134689.91791728
0.96875,134676.56687331
1.96875,134173.72135575
2.96875,133742.66133685
3.96875,133454.46964288
4.96875,133271.56558805
5.96875,133154.44011834
6.96875,133077.08791001
7.96875,133024.30225201
8.96875,132987.34930381
9.96875,132961.07916405
10,132960.42661978
