time,E_hw_wet_well
0.03125,129093.30503791
0.09375,132013.35942147
0.21875,133882.25191018
0.46875,134689.81407319
0.96875,134676.4431826
1.96875,134173.58453188
2.96875,133742.52100352
3.96875,133454.32734663
4.96875,133271.42077916
5.96875,133154.29187492
6.96875,133076.9354317
7.96875,133024.14492805
8.96875,132987.18667553
9.96875,132960.91088232
10,132960.25815738
