time,E_hw_wet_well
0.03125,129093.24203775
0.09375,132013.21072081
0.21875,133882.01344477
0.46875,134689.49729611
0.96875,134676.07280117
1.96875,134173.19078127
2.46875,133905.95067357
3.46875,133528.13209519
4.46875,133299.35793708
5.46875,133159.54257283
6.46875,133070.91023756
7.46875,133012.39308749
8.46875,132972.46986728
9.46875,132944.65522239
10,132933.68943254
