time,E_hw_wet_well
0.03125,129101.46741231
0.09375,132028.76043412
0.21875,133902.23880845
0.46875,134711.7859033
0.96875,134698.1889239
1.46875,134247.71594185
2.46875,133618.5693706
2.96875,133427.0913607
3.96875,133182.55782012
4.96875,133043.57632301
5.96875,132961.82677374
6.96875,132911.62104473
7.96875,132879.71599148
8.96875,132859.10537885
9.96875,132845.89585998
10,132845.59957591
