time,E_hw_wet_well
0.03125,129101.44902655
0.09375,132028.71799971
0.21875,133902.1712783
0.46875,134711.69666017
0.96875,134698.08556806
1.46875,134247.61457058
2.46875,133618.47397643
3.46875,133270.89931363
4.46875,133082.34468849
5.46875,132977.09780894
6.46875,132915.45866434
7.46875,132877.67190352
8.46875,132853.84004274
9.46875,132838.76492737
10,132833.4647633
