time,E_hw_wet_well
0.03125,129058.45270208
0.09375,131947.62806316
0.21875,133796.99969331
0.46875,134596.15202181
0.96875,134582.6044427
1.96875,134081.62973731
2.96875,133650.09004626
3.96875,133360.75256141
4.96875,133177.1239744
5.96875,133059.62333979
6.96875,132981.97809467
7.96875,132928.88784752
8.96875,132891.62082871
9.96875,132865.03670011
10,132864.37435392
