time,E_hw_wet_well
0.03125,129110.00032681
0.09375,132044.82764402
0.21875,133923.03394257
0.46875,134734.57755561
0.96875,134720.6719934
1.96875,134211.52250977
2.96875,133773.19804349
3.96875,133479.58223486
4.96875,133293.37615536
5.96875,133174.27367546
6.96875,133095.60738828
7.96875,133041.86542292
8.96875,133004.18760991
9.96875,132977.35387618
10,132976.68626819
