time,E_hw_wet_well
0.03125,129110.04959163
0.09375,132044.94251846
0.21875,133923.21691978
0.46875,134734.81781277
0.96875,134720.94551978
1.96875,134211.79629801
2.46875,133940.27885959
3.46875,133555.54376609
4.46875,133322.60231739
5.46875,133180.39778718
6.46875,133090.24460687
7.46875,133030.64882703
7.96875,133009.22352773
8.96875,132976.13963582
9.96875,132952.46553738
10,132951.87443894
