time,E_hw_wet_well
0.03125,129123.71657537
0.09375,132070.69965648
0.21875,133956.5901634
0.46875,134771.43962135
0.96875,134757.10254819
1.96875,134242.73044497
2.96875,133798.42229436
3.96875,133500.37414874
4.96875,133311.48013702
5.96875,133190.76501592
6.96875,133111.02345568
7.96875,133056.49863975
8.96875,133018.22786902
9.96875,132990.93336006
10,132990.25343996
