time,E_hw_wet_well
0.03125,129060.45354076
0.09375,131951.39572301
0.21875,133801.88001063
0.46875,134601.51332864
0.96875,134589.3399589
1.96875,134101.40040323
2.46875,133844.74836133
3.46875,133484.5878669
4.46875,133266.61115773
5.46875,133132.9607413
6.46875,133048.23642045
7.46875,132992.51164842
8.46875,132954.69207594
9.46875,132928.50623522
10,132918.2536984
