time,E_hw_wet_well
0.03125,129083.70787021
0.09375,131995.2541763
0.21875,133858.76759498
0.46875,134664.01433714
0.96875,134651.2299815
1.96875,134154.857315
2.96875,133732.06209263
3.96875,133450.29434963
4.96875,133271.32257877
5.96875,133156.53475351
6.96875,133080.74392138
7.96875,133029.11642799
8.96875,132993.06171864
9.96875,132967.50664878
10,132966.87355176
