time,E_hw_wet_well
0.03125,129063.19629796
0.09375,131956.5797801
0.21875,133808.62664196
0.46875,134608.95642489
0.96875,134596.80862515
1.96875,134108.50677813
2.96875,133695.40403479
3.96875,133421.07832064
4.96875,133246.70075675
5.96875,133134.6642542
6.96875,133060.69963777
7.96875,133010.40884632
8.96875,132975.37677286
9.96875,132950.62431017
10,132950.01281914
