time,E_hw_wet_well
0.03125,129063.1737808
0.09375,131956.53147861
0.21875,133808.55201677
0.46875,134608.85771654
0.96875,134596.69004699
1.96875,134108.37079293
2.96875,133695.25846632
3.96875,133420.92425399
4.96875,133246.53757985
5.96875,133134.49112764
6.96875,133060.51584083
7.96875,133010.21383732
8.96875,132975.17015196
9.96875,132950.40577973
10,132949.7939112
