time,E_hw_wet_well
0.03125,129069.18961902
0.09375,131967.87602433
0.21875,133823.26400415
0.46875,134625.01932871
0.96875,134612.69776229
1.96875,134122.21729069
2.96875,133706.52668118
3.96875,133430.21382531
4.96875,133254.60554958
5.96875,133141.83123131
6.96875,133067.37800597
7.96875,133016.73062031
8.96875,132981.42643335
9.96875,132956.46099775
10,132955.84378547
