time,E_hw_wet_well
0.03125,129086.42867731
0.09375,132000.38528863
0.21875,133865.42318243
0.46875,134671.33131809
0.96875,134658.54704967
1.96875,134161.79471209
2.96875,133738.68260823
3.96875,133456.71411638
4.46875,133360.23919595
5.46875,133221.08695
6.46875,133128.6546622
7.46875,133065.85284825
8.46875,133022.16171061
9.46875,132991.22702809
10,132978.84889
