time,E_hw_wet_well
0.03125,129086.39486274
0.09375,132000.30770755
0.21875,133865.29816875
0.46875,134671.16072722
0.96875,134658.33627377
1.96875,134161.54498606
2.96875,133738.408794
3.96875,133456.41856096
4.96875,133277.30763985
5.96875,133162.43174444
6.96875,133086.58346726
7.96875,133034.91731504
8.96875,132998.83595648
9.96875,132973.26228445
10,132972.62873605
