time,E_hw_wet_well
0.03125,129103.58210632
0.09375,132032.73463706
0.21875,133907.37443238
0.46875,134717.40913042
0.96875,134704.12296202
1.96875,134200.99565121
2.96875,133770.43306267
3.96875,133482.84025584
4.96875,133300.30072599
5.96875,133183.3750935
6.96875,133106.17059137
7.96875,133053.52089298
8.96875,133016.69645384
9.96875,132990.54762202
10,132989.89875314
