time,E_hw_wet_well
0.03125,129126.3662754
0.09375,132075.71375466
0.21875,133963.12654299
0.46875,134778.66292415
0.96875,134764.684798
1.96875,134252.946442
2.96875,133812.44591869
3.96875,133517.44099577
4.96875,133330.38331291
5.96875,133210.74017396
6.96875,133131.71984003
7.96875,133077.74281335
8.96875,133039.90759666
9.96875,133012.96852042
10,133012.29844035
