time,E_hw_wet_well
0.03125,129140.11371331
0.09375,132101.62948265
0.21875,133996.7147525
0.46875,134815.530223
0.96875,134801.08022906
1.96875,134284.04641052
2.46875,134007.63648299
3.46875,133615.43982739
4.46875,133378.1060967
5.46875,133233.37104606
6.46875,133141.61887454
7.46875,133080.92410773
8.46875,133039.41272996
9.46875,133010.40891041
10,132998.93803339
