time,E_hw_wet_well
0.03125,129025.01935353
0.09375,131884.60577912
0.21875,133715.30099734
0.46875,134506.44615086
0.96875,134495.34098828
1.96875,134021.67218281
2.96875,133626.5638201
3.96875,133366.32468834
4.96875,133200.73576299
5.96875,133093.95061031
6.96875,133023.44572794
7.96875,132975.67858773
8.96875,132942.57472055
9.96875,132919.3320024
10,132918.76106964
