time,E_hw_wet_well
0.03125,129037.41544018
0.09375,131907.98442217
0.21875,133745.63055562
0.46875,134539.78003549
0.96875,134528.40803506
1.96875,134050.44583715
2.96875,133650.07400314
3.96875,133385.68964341
4.96875,133217.49253356
5.96875,133109.14265721
6.96875,133037.60813414
7.96875,132989.09110938
8.96875,132955.41457963
9.96875,132931.72376599
10,132931.14080236
