time,E_hw_wet_well
0.03125,129037.35164659
0.09375,131907.83497926
0.21875,133745.39224724
0.46875,134539.46245203
0.71875,134164.96927105
1.21875,133575.77887405
2.21875,132978.72499269
3.21875,132744.98240882
4.21875,132657.93745656
5.21875,132627.56325881
6.21875,132619.69297601
7.21875,132621.33095469
8.21875,132627.25758444
9.21875,132635.29121479
10,132642.44326684
