time,E_hw_wet_well
0.03125,129051.61411832
0.09375,131934.75989387
0.21875,133780.35560784
0.46875,134577.92863124
0.96875,134566.22069264
1.96875,134083.26579971
2.96875,133676.83734388
3.96875,133407.72698396
4.96875,133236.5765428
5.96875,133126.45928218
6.96875,133053.76227333
7.46875,133027.76842025
8.46875,132987.78961921
9.46875,132959.20514468
10,132947.73251698
