time,E_hw_wet_well
0.03125,128978.8493229
0.09375,131797.48313992
0.21875,133602.26621572
0.46875,134382.21915116
0.96875,134370.87799961
1.96875,133900.73941335
2.96875,133507.10928727
3.96875,133247.45523808
4.96875,133082.3600039
5.96875,132975.95394814
6.96875,132905.63432223
7.96875,132857.89643503
8.96875,132824.72464339
9.96875,132801.3517957
10,132800.77582004
