time,E_hw_wet_well
0.03125,129051.59072291
0.09375,131934.70196933
0.21875,133780.26045392
0.46875,134577.79859519
0.96875,134566.06045113
1.96875,134083.07744062
2.46875,133830.06273407
3.46875,133476.11407971
4.46875,133261.97292687
5.46875,133130.49907119
6.46875,133047.14334351
7.46875,132992.39637978
8.46875,132955.31555674
9.46875,132929.70262652
10,132919.70115112
