time,E_hw_wet_well
0.03125,129060.40470513
0.09375,131951.31595122
0.21875,133801.79323947
0.46875,134601.43782698
0.96875,134589.4701812
1.96875,134103.35104451
2.96875,133693.1407427
3.96875,133421.10516202
4.96875,133248.13603202
5.96875,133136.93020918
6.96875,133063.5148736
7.96875,133013.62960263
8.46875,132995.32411441
9.46875,132966.83102853
10,132955.30200714
