time,E_hw_wet_well
0.03125,129068.67766704
0.09375,131966.89016436
0.21875,133821.95134354
0.46875,134623.5356121
0.96875,134611.31159171
1.96875,134122.19055662
2.96875,133708.41788852
3.96875,133433.64520297
4.96875,133258.98395058
5.96875,133146.76908638
6.96875,133072.68999497
7.96875,133022.32325204
8.96875,132987.23962879
9.96875,132962.45202903
10,132961.83969785
