time,E_hw_wet_well
0.03125,129068.69827067
0.09375,131966.93753806
0.21875,133822.02630534
0.46875,134623.63358225
0.96875,134611.422442
1.96875,134122.30018028
2.46875,133865.02872126
3.46875,133503.98307332
4.46875,133285.46339614
5.46875,133151.48541392
6.46875,133066.5605774
7.46875,133010.70906466
8.46875,132972.80773058
9.46875,132946.56949142
10,132936.29840604
