time,E_hw_wet_well
0.03125,129068.71110515
0.09375,131966.96789086
0.21875,133822.07500194
0.34375,133705.69119275
0.59375,133376.45365154
1.09375,132978.4599759
2.09375,132635.50093121
3.09375,132533.66500496
4.09375,132515.96311383
5.09375,132524.64281214
6.09375,132540.58875492
7.09375,132557.91941517
8.09375,132574.95005301
9.09375,132591.31277065
10,132605.58463024
