time,E_hw_wet_well
0.03125,129068.71308401
0.09375,131966.96963208
0.21875,133822.07640923
0.46875,134623.69796759
0.96875,134611.49416735
1.96875,134122.36960444
2.96875,133708.57769094
3.96875,133433.78337487
4.96875,133259.10156551
5.96875,133146.86771854
6.96875,133072.77099599
7.96875,133022.38766505
8.96875,132987.28821604
9.96875,132962.48536763
10,132961.87256335
