time,E_hw_wet_well
0.03125,128992.77979317
0.09375,131823.74937707
0.21875,133636.32336233
0.46875,134419.62702309
0.96875,134407.98479393
1.96875,133933.10804027
2.96875,133533.6211215
3.96875,133269.30491118
4.96875,133101.25993405
5.96875,132993.08993253
6.96875,132921.61875631
7.96875,132873.04742235
8.96875,132839.24248594
9.96875,132815.37749649
10,132814.78837284
