time,E_hw_wet_well
0.03125,129074.7569955
0.09375,131978.37612839
0.21875,133836.88234581
0.46875,134639.98092393
0.96875,134627.64158969
1.96875,134136.3613807
2.96875,133719.99088189
3.96875,133443.22161327
4.96875,133267.32454569
5.96875,133154.36989854
6.96875,133079.80274144
7.96875,133029.08206423
8.96875,132993.73062286
9.96875,132968.7355426
10,132968.11768171
