time,E_hw_wet_well
0.03125,129092.02498621
0.09375,132010.9397061
0.21875,133879.11131576
0.46875,134686.36752729
0.96875,134673.55559841
1.96875,134175.96489315
2.96875,133752.14323452
3.96875,133469.7041758
4.96875,133290.31884429
5.96875,133175.27813071
6.96875,133099.33192704
7.96875,133047.60946044
8.96875,133011.49869276
9.96875,132985.91380894
10,132985.28019678
