time,E_hw_wet_well
0.03125,129092.05829767
0.09375,132011.01924477
0.21875,133879.23864111
0.46875,134686.53492678
0.96875,134673.74705322
1.96875,134176.15869248
2.96875,133752.32292769
3.96875,133469.86718068
4.96875,133290.46619884
5.96875,133175.41136598
6.96875,133099.45247116
7.96875,133047.71839282
8.96875,133011.59681069
9.96875,132986.00170245
10,132985.36777393
