time,E_hw_wet_well
0.03125,128992.7912159
0.09375,131823.77824397
0.21875,133636.36918279
0.46875,134419.68465488
0.96875,134408.04454097
1.96875,133933.15444881
2.96875,133533.64792308
3.96875,133269.31114979
4.96875,133101.24593013
5.46875,133043.9363951
6.46875,132959.09303426
7.46875,132900.80145823
8.46875,132860.08789701
9.46875,132831.25121712
10,132819.72613416
