time,E_hw_wet_well
0.03125,129092.07537743
0.09375,132011.05877301
0.21875,133879.30073391
0.46875,134686.61423546
0.96875,134673.83207679
1.96875,134176.23171685
2.96875,133752.37552462
3.96875,133469.89799923
4.96875,133290.47576785
5.96875,133175.40055255
6.96875,133099.42193278
7.96875,133047.66865236
8.46875,133028.62295179
9.46875,132998.89777214
10,132986.82581021
