time,E_hw_wet_well
0.03125,129092.00277392
0.09375,132010.89259077
0.21875,133879.03718641
0.46875,134686.26654894
0.96875,134673.42985144
1.96875,134175.81283166
2.21875,133997.52037067
2.71875,133734.60458841
3.71875,133403.75627301
4.71875,133216.43270612
5.71875,133105.54214305
6.71875,133036.34125225
7.71875,132991.10823314
8.71875,132960.56860566
9.71875,132939.62915669
10,132935.21357628
