time,E_hw_wet_well
0.03125,129092.04509759
0.09375,132010.98313974
0.21875,133879.17565475
0.46875,134686.44437224
0.96875,134673.62887758
1.96875,134176.00833995
2.96875,133752.14886737
3.96875,133469.67086943
4.96875,133290.24721878
5.96875,133175.16904898
6.96875,133099.18612768
7.96875,133047.42750936
8.96875,133011.28101939
9.96875,132985.66073199
10,132985.02601401
