time,E_hw_wet_well
0.03125,129092.02371774
0.09375,132010.93584888
0.21875,133879.10228805
0.46875,134686.34816365
0.96875,134673.51561157
1.96875,134175.88363171
2.46875,133912.74019261
3.46875,133542.01475625
4.46875,133317.56649502
5.46875,133180.18152252
6.46875,133093.09685043
7.46875,133035.71114343
8.46875,132996.66140308
9.46875,132969.53943719
10,132958.88353346
