time,E_hw_wet_well
0.03125,129001.50258508
0.09375,131840.21842738
0.21875,133657.71126261
0.46875,134443.15791486
0.96875,134431.3527305
1.96875,133953.48955097
2.46875,133702.63757228
3.46875,133351.2939186
4.46875,133138.76734049
5.46875,133008.33653656
6.46875,132925.58860418
7.46875,132871.15765469
8.46875,132834.21679477
9.46875,132808.63357988
10,132798.6133308
