time,E_hw_wet_well
0.03125,129115.13855216
0.09375,132054.5209383
0.21875,133935.61365852
0.46875,134748.41052723
0.96875,134734.89666904
1.96875,134228.66550959
2.96875,133794.79629548
3.96875,133504.80722115
4.96875,133320.80644814
5.96875,133202.99927673
6.96875,133125.2142538
7.96875,133072.15201628
8.46875,133052.59133039
9.46875,133022.01442204
10,133009.56980998
