time,E_hw_wet_well
0.03125,129115.14424591
0.09375,132054.5352757
0.21875,133935.63704002
0.46875,134748.44140849
0.96875,134734.93177764
1.96875,134228.70021163
2.96875,133794.82740636
3.96875,133504.83419684
4.96875,133320.82946455
5.96875,133203.01864296
6.96875,133125.23022783
7.96875,133072.16480134
8.96875,133035.0334346
9.96875,133008.65283623
10,133007.99791119
