time,E_hw_wet_well
0.03125,129132.00814123
0.09375,132086.35033133
0.21875,133976.91410853
0.46875,134793.80154204
0.96875,134779.78397949
1.96875,134267.16344118
2.96875,133825.94051395
3.96875,133530.48879911
4.96875,133343.16967137
5.96875,133223.37134395
6.96875,133144.25922194
7.96875,133090.23063614
8.96875,133052.37000398
9.96875,133025.42297191
10,133024.75291867
