time,E_hw_wet_well
0.03125,129131.99527756
0.09375,132086.31243504
0.21875,133976.84576395
0.46875,134793.70139772
0.96875,134779.65199456
1.96875,134266.99493115
2.21875,134082.40013193
2.71875,133808.07422123
3.71875,133461.76811924
4.71875,133266.40010324
5.71875,133151.0805093
6.71875,133078.97789138
7.71875,133031.64947627
8.71875,132999.54601796
9.71875,132977.40403331
10,132972.70558926
