time,E_hw_wet_well
0.03125,129009.61393373
0.09375,131855.48920849
0.21875,133677.47236123
0.46875,134464.81523282
0.96875,134452.77634815
1.96875,133972.0654022
2.96875,133565.44757297
3.96875,133295.51114467
4.96875,133123.93066814
5.96875,133013.64373458
6.96875,132940.78357563
7.46875,132914.68670959
8.46875,132874.46732087
9.46875,132845.61908088
10,132833.9998204
