time,E_hw_wet_well
0.03125,129076.38061269
0.09375,131981.43954723
0.21875,133840.85665504
0.46875,134644.34592947
0.96875,134632.13372608
1.96875,134141.92423004
2.96875,133727.19894592
3.96875,133451.76997572
4.96875,133276.68198304
5.96875,133164.19230413
6.96875,133089.93222947
7.96875,133039.44204583
8.96875,133004.27193516
9.96875,132979.422962
10,132978.80910967
