time,E_hw_wet_well
0.03125,129082.42368393
0.09375,131992.8345534
0.21875,133855.63292346
0.46875,134660.5781585
0.96875,134648.20955826
1.96875,134155.81952383
2.21875,133979.79893686
2.71875,133721.19170539
3.71875,133396.36096651
4.71875,133212.17686716
5.71875,133102.99563465
6.71875,133034.92290559
7.71875,132990.52238119
8.71875,132960.61801384
9.71875,132940.17786799
10,132935.88185435
