time,E_hw_wet_well
0.03125,129052.97043221
0.09375,131937.31053998
0.21875,133783.64488641
0.46875,134581.51860404
0.96875,134570.10316351
1.96875,134090.04754469
2.96875,133687.8858348
3.96875,133422.25107353
4.96875,133253.23907974
5.96875,133144.38158172
6.96875,133072.5312242
7.96875,133023.81267986
8.96875,132990.00668782
9.96875,132966.23541487
10,132965.65070985
