time,E_hw_wet_well
0.03125,129084.46975491
0.09375,131996.69766947
0.21875,133860.648462
0.46875,134666.09580259
0.96875,134653.87324383
1.96875,134162.54012829
2.46875,133904.09229741
3.46875,133541.36681299
4.46875,133321.82336871
5.46875,133187.23592828
6.46875,133101.9463587
7.46875,133045.8726326
8.46875,133007.83621926
9.46875,132981.5199155
10,132971.22539488
