time,E_hw_wet_well
0.03125,129084.46916268
0.09375,131996.69587195
0.21875,133860.64425495
0.46875,134666.08678044
0.96875,134653.85459658
1.96875,134162.50222709
2.46875,133904.04476906
3.46875,133541.30002538
4.46875,133321.73734947
5.46875,133187.13066244
6.46875,133101.82185327
7.46875,133045.72887797
8.46875,133007.67322125
9.46875,132981.33769846
10,132971.03297407
