time,E_hw_wet_well
0.03125,129084.46869764
0.09375,131996.69439364
0.21875,133860.64086635
0.46875,134666.07959368
0.96875,134653.83984888
1.96875,134162.47233655
2.96875,133746.7585184
3.96875,133470.65844467
4.96875,133295.14049483
5.96875,133182.37896398
6.96875,133107.94405707
7.96875,133057.33818872
8.96875,133022.09021892
9.96875,132997.18899834
10,132996.57391694
