time,E_hw_wet_well
0.03125,129090.52449508
0.09375,132008.11355731
0.21875,133875.44951022
0.46875,134682.34737049
0.96875,134669.94714785
1.96875,134176.38008879
2.46875,133916.39667047
3.46875,133551.13645295
4.46875,133330.03371834
5.46875,133194.54269743
6.46875,133108.67369048
7.46875,133052.18294228
8.46875,133013.82958802
9.46875,132987.26500109
10,132976.86054428
