time,E_hw_wet_well
0.03125,129107.8879828
0.09375,132040.8613899
0.21875,133917.9260992
0.46875,134729.01695853
0.96875,134716.14159431
1.96875,134216.19119401
2.96875,133790.36922563
3.96875,133506.6059084
4.96875,133326.38804589
5.96875,133210.82161783
6.96875,133134.53609055
7.96875,133082.58980233
8.96875,133046.32968252
9.46875,133032.75341506
10,133020.74536073
