time,E_hw_wet_well
0.03125,129107.88778142
0.09375,132040.86463661
0.21875,133917.93233129
0.46875,134729.02443515
0.96875,134716.14710552
1.96875,134216.18923718
2.96875,133790.35850949
3.96875,133506.58621951
4.96875,133326.35947424
5.96875,133210.78429469
6.96875,133134.49012034
7.96875,133082.53526911
8.96875,133046.26664719
9.96875,133020.57417882
10,133019.93799626
