time,E_hw_wet_well
0.03125,129107.86247663
0.09375,132040.80237158
0.21875,133917.83149032
0.46875,134728.89062308
0.96875,134715.99181125
1.96875,134216.02729877
2.96875,133790.20298064
3.96875,133506.43916816
4.96875,133326.22007876
5.96875,133210.65129029
6.96875,133134.36241947
7.96875,133082.412036
8.96875,133046.14725815
9.96875,133020.45818335
10,133019.82210179
