time,E_hw_wet_well
0.03125,129107.87603891
0.09375,132040.83349913
0.21875,133917.88049037
0.46875,134728.95408722
0.96875,134716.06222489
1.96875,134216.09369878
2.96875,133790.25893826
3.96875,133506.48366117
4.96875,133326.25351488
5.96875,133210.67428723
6.96875,133134.37552386
7.96875,133082.41566268
8.96875,133046.14171878
9.96875,133020.44370575
10,133019.80734779
