time,E_hw_wet_well
0.03125,129107.85721343
0.09375,132040.78988969
0.21875,133917.81054941
0.46875,134728.86022247
0.96875,134715.95015239
1.96875,134215.96934988
2.46875,133951.59601159
3.46875,133579.15405066
4.46875,133353.6852333
5.46875,133215.69306312
6.46875,133128.23966913
7.46875,133070.62590981
8.46875,133031.43489184
9.46875,133004.22807436
10,132993.54483851
