time,E_hw_wet_well
0.03125,129131.09657813
0.09375,132084.61114977
0.21875,133974.63416354
0.46875,134791.27193361
0.96875,134777.66139677
1.96875,134268.9588284
2.96875,133833.0241922
3.96875,133541.7054633
4.96875,133356.88675709
5.96875,133238.56598318
6.96875,133160.45048273
7.46875,133132.42651514
8.46875,133089.13285234
9.46875,133057.97999242
10,133045.39095499
