time,E_hw_wet_well
0.03125,129139.36280454
0.09375,132100.21408161
0.21875,133994.89104506
0.46875,134813.54786065
0.96875,134799.69718714
1.96875,134287.85337566
2.46875,134015.43422418
3.46875,133630.02523949
4.46875,133396.77558694
5.46875,133254.33909726
6.46875,133164.06633656
7.46875,133104.4599905
8.46875,133063.79183051
9.46875,133035.45987678
10,133024.29103476
