time,E_hw_wet_well
0.03125,129148.01601123
0.09375,132116.51587929
0.21875,134016.00474017
0.46875,134836.70661479
0.96875,134822.54372926
1.96875,134307.35500386
2.96875,133864.01792132
3.46875,133697.10679249
4.46875,133461.40426739
5.46875,133311.98592167
6.46875,133214.86293433
7.46875,133149.53909838
8.46875,133104.29247186
9.46875,133072.3052247
10,133059.50907198
