time,E_hw_wet_well
0.03125,129134.54888459
0.09375,132091.13762667
0.21875,133983.12186427
0.46875,134800.62343313
0.96875,134787.0190759
1.96875,134277.79654346
2.46875,134007.22093365
3.46875,133624.82806941
4.46875,133393.3878534
5.46875,133251.98407094
6.46875,133162.37482648
7.46875,133103.24769657
8.46875,133062.94339146
8.96875,133048.13100316
9.96875,133025.1598404
10,133024.5825023
