time,E_hw_wet_well
0.03125,129018.44067117
0.09375,131872.1534669
0.21875,133699.11023125
0.46875,134488.61577712
0.96875,134476.3944882
1.96875,133992.6042843
2.21875,133819.57899199
2.71875,133565.22512333
3.71875,133245.71026625
4.71875,133064.56516901
5.71875,132957.13851417
6.21875,132922.13598289
6.71875,132899.43571023
7.71875,132860.38782863
8.71875,132830.87223071
9.71875,132809.37469586
10,132804.63568806
