time,E_hw_wet_well
0.03125,129103.47189435
0.09375,132032.53310572
0.21875,133907.12367289
0.46875,134717.15119091
0.96875,134704.72170385
1.96875,134209.31827163
2.96875,133789.4404983
3.96875,133510.31669613
4.96875,133332.93041261
5.96875,133219.04626336
6.96875,133143.89191625
7.96875,133092.79362927
8.96875,133057.19888554
9.96875,133032.05136512
10,133031.43017624
