time,E_hw_wet_well
0.03125,129120.91522842
0.09375,132065.43842392
0.21875,133949.81282208
0.46875,134764.06081962
0.96875,134751.14293253
1.96875,134249.26811115
2.96875,133821.8145746
3.96875,133536.97438694
4.96875,133356.08351347
5.96875,133240.09620481
6.96875,133163.54300416
7.96875,133111.42401505
8.96875,133075.05243078
9.96875,133049.29828341
10,133048.66082489
