time,E_hw_wet_well
0.03125,129144.23658486
0.09375,132109.40654969
0.21875,134006.81778014
0.46875,134826.66070606
0.96875,134813.01263787
1.96875,134302.31543274
2.96875,133864.70259681
3.96875,133572.30681538
4.96875,133386.83190019
5.96875,133268.1064158
6.96875,133189.7381402
7.96875,133136.30349568
8.46875,133116.6164735
9.46875,133085.85999468
10,133073.35236531
