time,E_hw_wet_well
0.03125,129161.25425505
0.09375,132141.50710674
0.21875,134048.46093445
0.46875,134872.41613034
0.96875,134858.21859941
1.46875,134398.5858358
2.46875,133755.24884293
3.46875,133399.20691658
4.46875,133206.00945524
5.46875,133098.19946558
6.46875,133035.05668751
7.46875,132996.34247131
8.46875,132971.92788842
9.46875,132956.48979383
10,132951.0649548
