time,E_hw_wet_well
0.03125,129161.26691905
0.09375,132141.53652811
0.21875,134048.50801115
0.46875,134872.47778345
0.96875,134858.2871918
1.96875,134341.02661159
2.46875,134065.27560067
3.46875,133674.82325581
4.46875,133438.6056653
5.46875,133294.45371198
6.46875,133203.09828166
7.46875,133142.75223785
8.46875,133101.5593988
9.46875,133072.84660829
10,133061.52092952
