time,E_hw_wet_well
0.03125,129032.54442418
0.09375,131898.76072651
0.21875,133733.62706397
0.46875,134526.54527301
0.96875,134513.98648828
1.96875,134025.20324344
2.96875,133608.81100485
3.96875,133331.25907242
4.96875,133154.91687189
5.96875,133041.77031139
6.96875,132967.0210281
7.96875,132916.06377753
8.96875,132880.44009457
9.96875,132855.15479101
10,132854.52758506
