time,E_hw_wet_well
0.03125,129032.52440845
0.09375,131898.71559167
0.21875,133733.55430666
0.46875,134526.44513372
0.96875,134513.86071167
1.96875,134025.04984422
2.96875,133608.63847279
3.96875,133331.06875282
4.96875,133154.70823847
5.96875,133041.54255066
6.96875,132966.77342702
7.96875,132915.79579716
8.96875,132880.15133112
9.96875,132854.84494904
10,132854.21707834
