time,E_hw_wet_well
0.03125,129055.20216681
0.09375,131941.46976946
0.21875,133788.97420836
0.46875,134587.29383567
0.96875,134574.09022009
1.96875,134077.09269837
2.96875,133650.96493663
3.96875,133365.9575275
4.96875,133185.01120759
5.96875,133069.11283889
6.96875,132992.54823369
7.96875,132940.27326602
8.96875,132903.65095777
9.96875,132877.59041609
10,132876.94251861
