time,E_hw_wet_well
0.03125,129097.04889018
0.09375,132020.41663006
0.21875,133891.38249371
0.46875,134699.80746932
0.71875,134318.03864387
1.21875,133711.87251771
2.21875,133070.0037795
3.21875,132794.44865061
4.21875,132679.60264901
5.21875,132633.40312462
6.21875,132616.15742955
7.21875,132611.47507758
8.21875,132612.75493478
9.21875,132617.22345721
10,132622.13204934
