time,E_hw_wet_well
0.03125,129017.82706855
0.09375,131870.9997504
0.21875,133697.61798485
0.46875,134486.98118138
0.96875,134474.9465066
1.96875,133993.07471385
2.96875,133585.45012624
3.96875,133314.82444993
4.96875,133142.79842034
5.96875,133032.22727618
6.96875,132959.18277914
7.96875,132909.47960708
8.96875,132874.82273629
9.96875,132850.30164204
10,132849.69511548
