time,E_hw_wet_well
0.03125,129040.73744762
0.09375,131914.19804864
0.21875,133753.62325393
0.46875,134548.48179125
0.96875,134535.85657442
1.96875,134045.83663784
2.21875,133870.25686921
2.71875,133611.32455261
3.71875,133285.44386297
4.21875,133188.45202709
5.21875,133055.28450953
6.21875,132970.31899707
7.21875,132914.23862583
8.21875,132876.11708572
9.21875,132849.70525223
10,132834.94159193
