time,E_hw_wet_well
0.03125,128994.60749146
0.09375,131827.22228997
0.21875,133640.85780339
0.46875,134424.63925466
0.96875,134413.28857204
1.96875,133941.02615268
2.96875,133545.56053507
3.96875,133284.61070306
4.96875,133118.65606867
5.96875,133011.70203382
6.96875,132941.03126734
7.46875,132915.76359675
8.46875,132876.92503621
8.96875,132862.21152751
9.46875,132851.81815899
10,132841.29553587
