time,E_hw_wet_well
0.03125,129008.64140162
0.09375,131853.69515188
0.21875,133675.20457743
0.46875,134462.39296122
0.96875,134450.76021228
1.96875,133973.71117354
2.96875,133572.34084426
3.96875,133306.71550705
4.96875,133137.81533899
5.96875,133029.1030983
6.96875,132957.28555786
7.96875,132908.48632174
8.96875,132874.52867214
9.96875,132850.56209675
10,132849.97060505
