time,E_hw_wet_well
0.03125,129025.59838556
0.09375,131885.68389966
0.21875,133716.70468659
0.46875,134508.00055237
0.96875,134495.98974605
1.96875,134013.03552155
2.96875,133604.46397752
3.96875,133333.18939618
4.96875,133160.74513678
5.96875,133049.90897617
6.96875,132976.69450078
7.96875,132926.87963234
8.96875,132892.14847974
9.46875,132879.15862093
10,132867.67774303
