time,E_hw_wet_well
0.03125,129025.55428291
0.09375,131885.58369321
0.21875,133716.54441266
0.46875,134507.78508021
0.96875,134495.73188866
1.96875,134012.74833846
2.96875,133604.1674376
3.96875,133332.88665639
4.96875,133160.43494644
5.96875,133049.58942309
6.96875,132976.3639309
7.96875,132926.53678407
8.96875,132891.79240875
9.96875,132867.20853347
10,132866.60043213
