time,E_hw_wet_well
0.03125,129025.55510966
0.09375,131885.58347988
0.21875,133716.54314838
0.46875,134507.7827255
0.96875,134495.72742012
1.96875,134012.73969535
2.96875,133604.1545721
3.96875,133332.86955875
4.96875,133160.41360895
5.96875,133049.56383055
6.96875,132976.33408436
7.46875,132950.10507995
8.46875,132909.68140256
9.46875,132880.68636181
10,132869.00799851
