time,E_hw_wet_well
0.03125,128994.62634932
0.09375,131827.26621894
0.21875,133640.92902214
0.46875,134424.73681395
0.96875,134413.40968239
1.96875,133941.17062379
2.96875,133545.71985566
3.96875,133284.78356688
4.96875,133118.84302637
5.96875,133011.90390242
6.96875,132941.24875538
7.96875,132893.29367176
8.96875,132859.97917623
9.96875,132836.51435551
10,132835.93630731
