time,E_hw_wet_well
0.03125,129025.56819941
0.09375,131885.61620254
0.21875,133716.59759773
0.46875,134507.85903363
0.96875,134495.8257944
1.96875,134012.86458695
2.96875,133604.29970257
3.96875,133333.03390155
4.96875,133160.59758923
5.96875,133049.76806433
6.96875,132976.55909349
7.96875,132926.74886429
8.96875,132892.02169911
9.96875,132867.45524747
10,132866.84769369
