time,E_hw_wet_well
0.03125,129048.52151798
0.09375,131928.88790733
0.21875,133772.68862189
0.46875,134569.44316363
0.96875,134556.80089256
1.96875,134065.63636546
2.96875,133647.23960732
3.96875,133368.36765207
4.96875,133191.20080265
5.96875,133077.5378989
6.96875,133002.45918827
7.96875,132951.28818258
8.96875,132915.52522288
9.96875,132890.15083148
10,132889.52163521
