time,E_hw_wet_well
0.03125,129041.96033786
0.09375,131916.51151819
0.21875,133756.63192196
0.46875,134551.79517946
0.96875,134538.69159954
1.96875,134043.74377652
2.96875,133619.31530671
3.96875,133335.39156115
4.96875,133155.10182317
5.96875,133039.60783134
6.96875,132963.2969802
7.96875,132911.18125821
8.96875,132874.65687107
9.96875,132848.6531562
10,132848.00638385
