time,E_hw_wet_well
0.03125,129016.03014688
0.09375,131867.63265793
0.21875,133693.27265579
0.46875,134482.22949235
0.96875,134470.85782093
1.96875,133995.7411819
2.96875,133597.82889817
3.96875,133335.17046997
4.96875,133168.10243504
5.96875,133060.45787297
6.96875,132989.36262819
7.96875,132941.12580764
8.96875,132907.62913056
9.96875,132884.04982417
10,132883.46926748
