time,E_hw_wet_well
0.03125,129030.15731885
0.09375,131894.28077007
0.21875,133727.8440784
0.46875,134520.22381165
0.96875,134508.54216513
1.96875,134028.52051291
2.96875,133624.60680867
3.96875,133357.22626648
4.96875,133187.18818781
5.96875,133077.76083824
6.96875,133005.4913338
7.96875,132956.3987579
8.96875,132922.24827171
9.96875,132898.1570872
10,132897.56277767
