time,E_hw_wet_well
0.03125,128992.81177008
0.09375,131823.82284056
0.21875,133636.43995453
0.46875,134419.78082315
0.96875,134408.1627134
1.96875,133933.29322244
2.96875,133533.79885784
3.96875,133269.47294173
4.96875,133101.41922968
5.46875,133044.11571469
6.46875,132959.28491102
7.46875,132901.00647814
8.46875,132860.30653452
9.46875,132831.48381893
10,132819.96627201
