time,E_hw_wet_well
0.03125,129070.29121672
0.09375,131969.94140048
0.21875,133825.92509992
0.46875,134627.92215397
0.96875,134615.19021583
1.96875,134120.82187039
2.96875,133699.73141413
3.96875,133419.09760417
4.96875,133240.8438319
5.96875,133126.51418434
6.96875,133051.02358662
7.96875,132999.59840422
8.96875,132963.68284648
9.96875,132938.22431698
10,132937.59356712
