time,E_hw_wet_well
0.03125,129070.35214762
0.09375,131970.0813917
0.21875,133826.14624059
0.46875,134628.21023317
0.96875,134615.51392709
1.96875,134121.13683134
2.96875,133700.00886154
3.96875,133419.33297037
4.96875,133241.03888837
5.96875,133126.67174171
6.96875,133051.14606279
7.96875,132999.68766173
8.96875,132963.74027172
9.96875,132938.25094638
10,132937.61925401
