time,E_hw_wet_well
0.03125,129093.33678211
0.09375,132013.43289101
0.21875,133882.36890394
0.46875,134689.9686998
0.96875,134676.6222101
1.96875,134173.77111937
2.96875,133742.70032829
3.96875,133454.49703523
4.96875,133271.58172931
5.96875,133154.44550049
6.96875,133077.08297039
7.96875,133024.28733638
8.96875,132987.32467472
9.96875,132961.04501164
10,132960.39217368
