time,E_hw_wet_well
0.03125,129110.03293862
0.09375,132044.90316639
0.21875,133923.15502193
0.46875,134734.73989955
0.96875,134720.86553129
1.96875,134211.73670249
2.96875,133773.41787045
3.96875,133479.80526175
4.96875,133293.60327061
5.96875,133174.50630632
6.96875,133095.8468024
7.96875,133042.11260274
8.96875,133004.44326968
9.96875,132977.61854205
10,132976.95122364
