time,E_hw_wet_well
0.03125,129086.40942661
0.09375,132000.34035361
0.21875,133865.35006749
0.46875,134671.23047934
0.96875,134658.42033517
1.96875,134161.64030086
2.09375,134036.73538654
2.34375,133860.35174702
2.84375,133619.17224201
3.84375,133323.87140056
4.84375,133158.94961046
5.84375,133061.70040591
6.84375,133000.98569757
7.84375,132961.26791577
8.84375,132934.49522533
9.84375,132916.25174244
10,132914.09962353
