time,E_hw_wet_well
0.03125,129025.01829167
0.09375,131884.60378206
0.21875,133715.29739845
0.46875,134506.43919127
0.96875,134495.32715184
1.96875,134021.64432713
2.96875,133626.52180847
3.96875,133366.26848229
4.96875,133200.66536397
5.96875,133093.86605526
6.96875,133023.34703605
7.96875,132975.56575877
8.96875,132942.44775673
9.96875,132919.1909104
10,132918.61953646
