time,E_hw_wet_well
0.03125,129092.04188337
0.09375,132010.98227135
0.21875,133879.18069271
0.46875,134686.4602122
0.96875,134673.66508896
1.96875,134176.08365735
2.21875,133997.79677743
2.71875,133734.88843935
3.71875,133404.05508024
4.71875,133216.74851554
5.71875,133105.87691624
6.71875,133036.69648853
7.71875,132991.48501995
8.71875,132960.96773506
9.21875,132949.88248908
10,132936.24347114
