time,E_hw_wet_well
0.03125,129092.06784965
0.09375,132011.03825113
0.21875,133879.26715303
0.46875,134686.57094187
0.96875,134673.78518704
1.96875,134176.1906164
2.96875,133752.34485869
3.96875,133469.87850223
4.96875,133290.46714074
5.96875,133175.40235236
6.96875,133099.43376471
7.96875,133047.69021724
8.96875,133011.55934362
9.96875,132985.95508755
10,132985.32088205
