time,E_hw_wet_well
0.03125,129115.14482524
0.09375,132054.53460023
0.21875,133935.63600591
0.46875,134748.44115343
0.96875,134734.93295565
1.96875,134228.7039268
2.21875,134046.79353733
2.71875,133777.30081012
3.71875,133437.49646495
4.71875,133245.50776244
5.71875,133132.06317793
6.71875,133061.19949173
7.71875,133014.77136862
8.71875,132983.34496435
9.71875,132961.72877232
10,132957.15505185
