time,E_hw_wet_well
0.03125,129076.38103995
0.09375,131981.44198125
0.21875,133840.86127406
0.46875,134644.3540199
0.96875,134632.14845811
1.96875,134141.95265804
2.96875,133727.24130868
3.96875,133451.82637873
4.96875,133276.75247873
5.96875,133164.27690325
6.96875,133090.03094734
7.96875,133039.55488726
8.96875,133004.39889937
9.46875,132991.26539669
10,132979.66860085
