time,E_hw_wet_well
0.03125,129144.23656391
0.09375,132109.40492252
0.21875,134006.81343882
0.46875,134826.65154549
0.96875,134812.9939388
1.96875,134302.27773435
2.46875,134030.92075978
3.46875,133647.45770759
4.46875,133415.39381005
5.46875,133273.61832378
6.46875,133183.78046092
7.46875,133124.51052793
8.46875,133084.11684011
9.46875,133056.01462364
10,133044.95338056
