time,E_hw_wet_well
0.03125,129055.22627372
0.09375,131941.52505874
0.21875,133789.06102417
0.46875,134587.40559685
0.96875,134574.21265488
1.96875,134077.20459452
2.46875,133813.03430319
3.46875,133439.42021725
4.46875,133213.08988931
5.46875,133074.72730314
6.46875,132986.98805063
7.46875,132929.02875729
8.46875,132889.45425035
9.46875,132861.85294323
10,132850.95811615
