time,E_hw_wet_well
0.03125,129070.29585701
0.09375,131969.95199051
0.21875,133825.94165726
0.46875,134627.943274
0.96875,134615.2128595
1.96875,134120.8413623
2.96875,133699.74553686
3.96875,133419.10599979
4.96875,133240.84661693
5.96875,133126.51160211
6.96875,133051.01583058
7.96875,132999.58562426
8.96875,132963.66515459
9.96875,132938.2017755
10,132937.57087592
