time,E_hw_wet_well
0.03125,129070.29084864
0.09375,131969.94024897
0.21875,133825.92240259
0.46875,134627.91637379
0.96875,134615.1782981
1.96875,134120.79768582
2.46875,133859.36840446
3.46875,133491.0539274
4.46875,133268.06085375
5.46875,133131.56220081
6.46875,133045.03510778
7.46875,132988.012813
8.46875,132949.20652196
9.46875,132922.24992519
10,132911.65729244
