time,E_hw_wet_well
0.03125,129006.2412108
0.09375,131849.14711925
0.21875,133669.27578019
0.46875,134455.84342971
0.96875,134443.84363506
1.96875,133963.6202867
2.96875,133557.39717981
3.96875,133287.71845771
4.96875,133116.29578547
5.96875,133006.10204289
6.96875,132933.29572611
7.96875,132883.7458252
8.96875,132849.18807139
9.96875,132824.72944223
10,132824.12428588
