time,E_hw_wet_well
0.03125,129070.29912821
0.09375,131969.95778662
0.21875,133825.94808945
0.46875,134627.94701956
0.96875,134615.20812416
1.96875,134120.81749198
2.46875,133859.38141277
3.46875,133491.05330349
4.46875,133268.04701783
5.46875,133131.53557694
6.46875,133044.99602164
7.46875,132987.96150591
8.46875,132949.14316693
9.46875,132922.1746465
10,132911.57572317
