time,E_hw_wet_well
0.03125,129070.32872759
0.09375,131970.02606666
0.21875,133826.05639829
0.46875,134628.08913451
0.96875,134615.37016774
1.96875,134120.98056533
2.46875,133859.53649523
3.46875,133491.19177502
4.46875,133268.1704598
5.46875,133131.64573262
6.46875,133045.09425539
7.46875,132988.04881281
8.46875,132949.22027968
9.46875,132922.2420936
10,132911.63821238
