time,E_hw_wet_well
0.03125,129070.27935451
0.09375,131969.91052818
0.21875,133825.87139004
0.46875,134627.84364832
0.96875,134615.08455454
1.96875,134120.68068484
2.46875,133859.2439343
3.46875,133490.91493341
4.46875,133267.90666588
5.46875,133131.3920583
6.46875,133044.84840394
7.46875,132987.80910697
8.46875,132948.98550067
8.96875,132934.73674081
9.96875,132912.6686676
10,132912.11482333
