time,E_hw_wet_well
0.03125,129087.37869654
0.09375,132002.17543862
0.21875,133867.74041592
0.46875,134673.86847895
0.96875,134660.67020145
1.96875,134160.02701861
2.46875,133894.29255239
3.46875,133518.92415156
4.46875,133291.63883411
5.46875,133152.68374799
6.46875,133064.60459783
7.46875,133006.48578725
8.46875,132966.86493404
9.46875,132939.28702828
10,132928.42608126
