time,E_hw_wet_well
0.03125,129087.39689064
0.09375,132002.21717845
0.21875,133867.80608485
0.46875,134673.9533169
0.96875,134660.76381535
1.96875,134160.11415688
2.96875,133731.62262936
3.96875,133445.36686101
4.96875,133263.64895529
5.96875,133147.23537381
6.96875,133070.35659007
7.96875,133017.91597264
8.96875,132981.22511809
9.96875,132955.1591738
10,132954.51209446
