time,E_hw_wet_well
0.03125,129093.27458054
0.09375,132013.29034486
0.21875,133882.14346762
0.46875,134689.67326029
0.96875,134676.28518156
1.96875,134173.43070361
2.96875,133742.38517249
3.96875,133454.21171577
4.96875,133271.32449283
5.96875,133154.21358197
6.96875,133076.87395918
7.96875,133024.09936728
8.96875,132987.15634914
9.96875,132960.89528853
10,132960.2430201
