time,E_hw_wet_well
0.03125,129093.29681287
0.09375,132013.33637531
0.21875,133882.21311342
0.46875,134689.76248332
0.96875,134676.38504078
1.96875,134173.52916897
2.96875,133742.47420931
3.96875,133454.29011976
4.96875,133271.39281364
5.96875,133154.27265305
6.96875,133076.92449523
7.96875,133024.14192224
8.96875,132987.19133503
9.96875,132960.92301026
10,132960.27051224
