time,E_hw_wet_well
0.03125,129093.29544454
0.09375,132013.33419116
0.21875,133882.21083708
0.46875,134689.76054658
0.96875,134676.38328369
1.96875,134173.52699704
2.96875,133742.47121114
3.96875,133454.28613486
4.96875,133271.38780337
5.96875,133154.26661274
6.96875,133076.91742516
7.96875,133024.13382125
8.96875,132987.18220705
9.96875,132960.91286386
10,132960.26033663
