time,E_hw_wet_well
0.03125,129093.3116604
0.09375,132013.37477355
0.21875,133882.27621746
0.46875,134689.84540708
0.96875,134676.47710046
1.96875,134173.61423178
2.96875,133742.54305653
3.96875,133454.34119574
4.96875,133271.42661439
5.96875,133154.2900051
6.96875,133076.92613688
7.96875,133024.12842866
8.96875,132987.16313264
9.96875,132960.88042133
10,132960.22748149
