time,E_hw_wet_well
0.03125,129093.29253529
0.09375,132013.32912818
0.21875,133882.20313102
0.46875,134689.74761272
0.96875,134676.35919664
1.96875,134173.47953777
2.96875,133742.39986746
3.96875,133454.19072912
4.96875,133271.26828619
5.96875,133154.1229688
6.96875,133076.74966336
7.96875,133023.94195258
8.96875,132986.96624799
9.96875,132960.67281772
10,132960.01953786
