time,E_hw_wet_well
0.03125,129101.4010529
0.09375,132028.6108719
0.21875,133902.00236001
0.46875,134711.47381862
0.96875,134697.82773792
1.96875,134191.91366066
2.96875,133757.32477495
3.96875,133466.49375144
4.96875,133281.98079341
5.96875,133163.89153298
6.96875,133085.89804095
7.96875,133032.64453215
8.96875,132995.33569934
9.96875,132968.78771047
10,132968.12771325
