time,E_hw_wet_well
0.03125,129146.19776784
0.09375,132113.11214772
0.21875,134011.61687013
0.46875,134831.90825628
0.96875,134816.84406722
1.96875,134293.78879547
2.96875,133839.64240263
3.96875,133534.38180379
4.96875,133341.13430818
5.96875,133217.80062082
6.96875,133136.30570678
7.96875,133080.50236326
8.96875,133041.26256734
9.96875,133013.21399673
10,133012.51390584
