time,E_hw_wet_well
0.03125,129086.43135953
0.09375,132000.3886931
0.21875,133865.42572161
0.46875,134671.33170226
0.96875,134658.5440904
1.96875,134161.78647043
2.96875,133738.66979065
3.96875,133456.69696405
4.96875,133277.60445786
5.96875,133162.74843654
6.96875,133086.92127556
7.46875,133059.74702485
8.46875,133017.8235043
9.46875,132987.71519591
10,132975.57352517
