time,E_hw_wet_well
0.03125,129037.35187352
0.09375,131907.83743504
0.21875,133745.39514878
0.46875,134539.46699668
0.96875,134528.04184252
1.96875,134050.05659691
2.96875,133649.6915496
3.96875,133385.31854269
4.96875,133217.13078941
5.96875,133108.78732376
6.96875,133037.25671616
7.96875,132988.74169278
8.96875,132955.06575591
9.96875,132931.37448038
10,132930.79148846
