time,E_hw_wet_well
0.03125,129037.40132488
0.09375,131907.95191789
0.21875,133745.57777791
0.46875,134539.70725404
0.96875,134528.31671374
1.96875,134050.33495374
2.96875,133649.94984596
3.96875,133385.55319796
4.96875,133217.34339814
5.96875,133108.98023494
6.46875,133071.24836771
7.46875,133014.30000066
8.46875,132974.27637798
9.46875,132945.89722394
10,132934.56809389
