time,E_hw_wet_well
0.03125,129051.59159121
0.09375,131934.70461573
0.21875,133780.26663468
0.46875,134577.81183702
0.96875,134566.08783202
1.96875,134083.13314358
2.46875,133830.13261521
3.46875,133476.21232022
4.46875,133262.0995084
5.46875,133130.65398267
6.46875,133047.32655807
6.96875,133018.56762885
7.96875,132975.13579819
8.96875,132944.65183391
9.96875,132923.22641821
10,132922.69986697
