time,E_hw_wet_well
0.03125,129068.69725127
0.09375,131966.93622215
0.21875,133822.0249372
0.46875,134623.6320294
0.96875,134611.42019778
1.96875,134122.29609222
2.96875,133708.51045063
3.96875,133433.72322459
4.96875,133259.04804344
5.96875,133146.82019935
6.96875,133072.72894195
7.96875,133022.35066759
8.96875,132987.25598177
9.96875,132962.45767227
10,132961.84500507
