time,E_hw_wet_well
0.03125,129068.68802848
0.09375,131966.91299404
0.21875,133821.98620783
0.46875,134623.57945585
0.96875,134611.35833271
1.96875,134122.23102302
2.96875,133708.44780748
3.96875,133433.66395531
4.96875,133258.99185694
5.96875,133146.76659868
6.96875,133072.67749428
7.96875,133022.30102943
8.96875,132987.20790395
9.96875,132962.41096585
10,132961.79834728
