time,E_hw_wet_well
0.03125,129015.57296751
0.09375,131866.74452272
0.21875,133692.09619369
0.46875,134480.91137559
0.96875,134468.75959936
1.96875,133985.97828702
2.96875,133576.82660093
3.96875,133304.90048647
4.96875,133132.06723842
5.96875,133021.02387119
6.96875,132947.66166785
7.96875,132897.71356796
8.96875,132862.85789697
9.96875,132838.17138282
10,132837.56021302
