time,E_hw_wet_well
0.03125,129092.02538485
0.09375,132010.94092185
0.21875,133879.11416566
0.46875,134686.37360795
0.96875,134673.56819143
1.46875,134227.41843341
1.96875,133900.29859188
2.96875,133453.59364932
3.96875,133201.86291618
4.46875,133127.03192342
5.46875,133025.47776187
6.46875,132962.18428882
7.46875,132921.77364924
8.46875,132895.52432194
9.46875,132878.4570363
10,132872.26803865
