time,E_hw_wet_well
0.03125,129092.00575054
0.09375,132010.89663728
0.21875,133879.04329034
0.46875,134686.27768092
0.96875,134673.45161524
1.96875,134175.85655767
2.96875,133752.0391399
3.96875,133469.60568918
4.96875,133290.22545114
5.96875,133175.18899517
6.96875,133099.24632932
7.96875,133047.5268469
8.96875,133011.41864028
9.96875,132985.83601515
10,132985.20246935
