time,E_hw_wet_well
0.03125,129092.04310032
0.09375,132010.98116636
0.21875,133879.176298
0.46875,134686.45082718
0.96875,134673.64606446
1.96875,134176.04563201
2.96875,133752.20556116
3.96875,133469.74671762
4.96875,133290.34214853
5.96875,133175.28303095
6.96875,133099.31914109
7.96875,133047.57956403
8.96875,133011.45210662
9.96875,132985.8508465
10,132985.21672737
