time,E_hw_wet_well
0.03125,129092.0669488
0.09375,132011.03624488
0.21875,133879.26343914
0.46875,134686.56388771
0.96875,134673.7712865
1.96875,134176.16275362
2.96875,133752.30290018
3.96875,133469.82239273
4.96875,133290.39687819
5.96875,133175.31793349
6.96875,133099.33519989
7.96875,133047.57751026
8.96875,133011.43250221
9.96875,132985.81411894
10,132985.1794689
