time,E_hw_wet_well
0.03125,129115.19732856
0.09375,132054.65430462
0.21875,133935.82555235
0.46875,134748.69168572
0.96875,134735.22490664
1.96875,134229.01348682
2.96875,133795.13718447
3.96875,133505.1366932
4.96875,133321.12610223
5.96875,133203.3116692
6.96875,133125.52158715
7.96875,133072.45603654
8.96875,133035.32569835
9.96875,133008.94697533
10,133008.29212207
