time,E_hw_wet_well
0.03125,129115.16296487
0.09375,132054.57798911
0.21875,133935.70433948
0.46875,134748.52905988
0.96875,134735.03057055
1.96875,134228.79727554
2.96875,133794.91410285
3.96875,133504.90917132
4.96875,133320.89327236
5.96875,133203.07208209
6.96875,133125.27402883
7.96875,133072.19952888
8.96875,133035.05952054
9.96875,133008.67059986
10,133008.01541936
