time,E_hw_wet_well
0.03125,129131.99547499
0.09375,132086.31453993
0.21875,133976.85214257
0.46875,134793.71635257
0.96875,134779.68384035
1.96875,134267.06020351
2.96875,133825.84412851
3.96875,133530.40107985
4.96875,133343.09019261
5.96875,133223.29933386
6.96875,133144.19396105
7.96875,133090.17154482
8.96875,133052.31664403
9.96875,133025.37501747
10,133024.70512114
