time,E_hw_wet_well
0.03125,129107.89485844
0.09375,132040.87706545
0.21875,133917.95034289
0.46875,134729.04771129
0.96875,134716.17374418
1.96875,134216.21688116
2.96875,133790.38510381
3.96875,133506.61143645
4.96875,133326.38343766
5.96875,133210.80720313
6.96875,133134.51214926
7.96875,133082.55655429
8.96875,133046.28728678
9.96875,133020.59426343
10,133019.95806592
