time,E_hw_wet_well
0.03125,129125.12457409
0.09375,132073.35420802
0.21875,133960.04429297
0.46875,134775.25683862
0.96875,134761.84229669
1.96875,134255.41132376
2.46875,133986.64833661
3.46875,133607.10512621
4.46875,133377.36748168
5.46875,133236.94386738
6.46875,133147.95606852
7.46875,133089.26283127
8.46875,133049.27530616
9.46875,133021.46538486
10,133010.52340192
