time,E_hw_wet_well
0.03125,129032.52600237
0.09375,131898.71782626
0.21875,133733.55822798
0.46875,134526.45319365
0.96875,134513.87727047
1.96875,134025.08363841
2.96875,133608.6895841
3.96875,133331.13719014
4.96875,133154.793991
5.96875,133041.64559171
6.96875,132966.89376528
7.96875,132915.93341836
8.96875,132880.30623955
9.96875,132855.01712437
10,132854.38979851
