time,E_hw_wet_well
0.03125,129032.55747072
0.09375,131898.79062351
0.21875,133733.67425789
0.46875,134526.60645103
0.96875,134514.05399646
1.96875,134025.26579529
2.21875,133850.11766771
2.71875,133591.81477688
3.71875,133266.71367863
4.21875,133169.94769091
5.21875,133037.08189874
6.21875,132952.29977701
7.21875,132896.33216479
8.21875,132858.27962724
9.21875,132831.90835058
10,132817.16214543
