time,E_hw_wet_well
0.03125,129161.95263571
0.09375,132142.82985539
0.21875,134050.17689407
0.46875,134874.29519955
0.96875,134859.71360767
1.96875,134339.15232786
2.96875,133889.71215009
3.96875,133588.4522561
4.96875,133397.62220395
5.96875,133275.68961009
6.96875,133195.160028
7.96875,133140.12303891
8.96875,133101.52036312
9.96875,133074.01432723
10,133073.32969352
