time,E_hw_wet_well
0.03125,129144.26893973
0.09375,132109.47959334
0.21875,134006.93229265
0.46875,134826.80862949
0.96875,134813.17586805
1.96875,134302.46736784
2.96875,133864.82813934
3.96875,133572.40352249
4.96875,133386.90070837
5.96875,133268.14874632
6.96875,133189.75523542
7.96875,133136.29632654
8.96875,133098.90881882
9.96875,133072.36438006
10,133071.7057864
