time,E_hw_wet_well
0.03125,129091.21566505
0.09375,132009.43011036
0.21875,133877.17055827
0.46875,134684.25635668
0.96875,134672.43573204
1.96875,134184.01226064
2.96875,133772.90781904
3.96875,133500.57751808
4.96875,133327.35127598
5.96875,133215.93744189
6.96875,133142.42554948
7.96875,133092.53894438
8.46875,133074.25940547
9.46875,133045.8481791
10,133034.37592814
