time,E_hw_wet_well
0.03125,129032.54286735
0.09375,131898.75883503
0.21875,133733.62390034
0.46875,134526.53872817
0.96875,134513.972988
1.96875,134025.17562577
2.96875,133608.76921251
3.96875,133331.20308741
4.96875,133154.84666376
5.96875,133041.68592513
6.96875,132966.92246566
7.96875,132915.95106207
8.96875,132880.31323421
9.96875,132855.01379199
10,132854.38613998
