time,E_hw_wet_well
0.03125,129097.06820952
0.09375,132020.46016284
0.21875,133891.45112706
0.46875,134699.89781004
0.96875,134685.49505308
1.96875,134172.9148448
2.46875,133898.13320823
3.46875,133507.29701364
4.46875,133270.56379831
5.46875,133126.24392368
5.96875,133078.25614194
6.96875,133006.91114233
7.96875,132957.31064665
8.46875,132938.82848579
9.46875,132909.90431836
10,132898.13646542
