time,E_hw_wet_well
0.03125,128982.40805022
0.09375,131804.22614637
0.21875,133611.04625033
0.46875,134391.90137894
0.96875,134380.82009199
1.96875,133912.70567489
2.96875,133522.3795507
3.96875,133265.53594977
4.96875,133102.19057529
5.96875,132996.8038783
6.96875,132927.16141143
7.96875,132879.93905631
8.96875,132847.18128604
9.96875,132824.14924796
10,132823.58276171
