time,E_hw_wet_well
0.03125,129017.30655575
0.09375,131870.01396843
0.21875,133696.33116703
0.46875,134485.55729483
0.96875,134473.68288382
1.96875,133993.59100599
2.46875,133741.57647926
3.46875,133388.56437442
4.46875,133175.00754264
5.46875,133043.95777013
6.46875,132960.83671699
7.46875,132906.1747711
8.46875,132869.08891671
9.46875,132843.41686591
10,132833.36722009
