time,E_hw_wet_well
0.03125,129025.5684728
0.09375,131885.61756184
0.21875,133716.60087632
0.46875,134507.8658165
0.96875,134495.83961846
1.96875,134012.89251745
2.96875,133604.34177305
3.96875,133333.09015246
4.96875,133160.66799413
5.96875,133049.85261524
6.96875,132976.65778535
7.96875,132926.86169578
8.96875,132892.14865959
9.46875,132879.16765603
10,132867.69606844
