time,E_hw_wet_well
0.03125,129025.494734
0.09375,131885.4442704
0.21875,133716.32231084
0.46875,134507.49324796
0.96875,134495.398407
1.96875,134012.41137816
2.96875,133603.85566085
3.96875,133332.60452672
4.96875,133160.18061868
5.96875,133049.3600751
6.96875,132976.15716624
7.96875,132926.35076731
8.96875,132891.62577213
9.96875,132867.06024052
10,132866.45269571
