time,E_hw_wet_well
0.03125,128996.57727226
0.09375,131830.92374771
0.21875,133645.65180929
0.46875,134429.90417334
0.96875,134417.94775746
1.96875,133939.10716113
2.96875,133534.05127768
3.96875,133265.15847044
4.96875,133094.23527408
5.96875,132984.35301778
6.96875,132911.7424674
7.96875,132862.31788859
8.46875,132844.14636796
9.46875,132815.80579813
10,132804.30640955
