time,E_hw_wet_well
0.03125,129048.53970979
0.09375,131928.93017221
0.21875,133772.75553366
0.46875,134569.53050945
0.96875,134556.89977107
1.96875,134065.73447861
2.46875,133805.98585442
3.46875,133440.01077001
4.46875,133218.40109816
5.46875,133082.71829064
6.46875,132996.67974157
7.46875,132939.95300972
8.46875,132901.32329718
9.46875,132874.46592079
10,132863.90167151
