time,E_hw_wet_well
0.03125,129071.38535044
0.09375,131972.02526303
0.21875,133828.65652381
0.46875,134630.95298567
0.96875,134617.72364317
1.96875,134118.26696197
2.96875,133690.0465274
3.96875,133403.68324551
4.96875,133221.90194934
5.46875,133160.26023675
6.46875,133069.10593159
7.46875,133006.25921666
8.46875,132962.12763077
9.46875,132930.6757407
10,132918.02212745
