time,E_hw_wet_well
0.03125,129071.36592419
0.09375,131971.98258249
0.21875,133828.58874282
0.46875,134630.86206872
0.96875,134617.61554242
1.96875,134118.1483103
2.96875,133689.92595222
3.96875,133403.5621781
4.96875,133221.7799116
5.96875,133105.35613582
6.96875,133028.45310926
7.96875,132975.95767874
8.96875,132939.19170308
9.96875,132913.03917525
10,132912.38921545
