time,E_hw_wet_well
0.03125,129071.33391626
0.09375,131971.9085699
0.21875,133828.47055209
0.46875,134630.70519375
0.71875,134252.06045587
1.21875,133652.86847422
1.46875,133452.01929212
1.96875,133184.20750815
2.96875,132892.28464782
3.96875,132758.48585822
4.96875,132697.03735077
5.96875,132668.61172625
6.96875,132655.94776726
7.96875,132651.43655111
8.96875,132651.55552174
9.96875,132654.54981974
10,132654.68855576
