time,E_hw_wet_well
0.03125,129087.99668176
0.09375,132003.35000422
0.21875,133869.27076231
0.46875,134675.55048474
0.96875,134661.81713379
1.96875,134156.16134057
2.21875,133974.06552727
2.71875,133703.35704646
3.71875,133361.33609176
4.71875,133168.26781913
5.71875,133054.2850883
6.71875,132982.99018906
7.71875,132936.1528056
8.71875,132904.34637297
9.71875,132882.37695533
10,132877.70805287
