time,E_hw_wet_well
0.03125,129101.60139808
0.09375,132029.00651144
0.21875,133902.53529613
0.46875,134712.07677191
0.96875,134697.91536772
1.46875,134245.27323638
1.96875,133909.22045351
2.46875,133677.94352712
3.46875,133344.21979603
4.46875,133142.97620951
5.46875,133022.1255022
6.46875,132947.45574675
7.46875,132899.69591091
8.46875,132868.31296454
9.46875,132847.42778558
10,132839.60374542
