time,E_hw_wet_well
0.03125,129031.15747957
0.09375,131896.15855825
0.21875,133730.27075403
0.46875,134522.88060881
0.71875,134149.01004191
1.21875,133559.3817569
2.21875,132954.65841331
3.21875,132711.44559467
4.21875,132617.56136146
5.21875,132583.12995862
6.21875,132572.77402824
7.21875,132572.67804449
8.21875,132577.28566894
9.21875,132584.27251328
10,132590.74450809
