time,E_hw_wet_well
0.03125,129037.08287057
0.09375,131907.31758446
0.21875,133744.7191921
0.46875,134538.72476804
0.96875,134526.50238273
1.96875,134040.62777745
2.21875,133866.92897806
2.71875,133611.74938795
3.71875,133291.29607462
4.71875,133109.58587942
5.71875,133001.81901108
6.71875,132934.5832419
7.71875,132890.69395396
8.71875,132861.10130861
9.71875,132840.84140884
10,132836.57584478
