time,E_hw_wet_well
0.03125,128992.72206249
0.09375,131823.70266412
0.21875,133636.32465855
0.46875,134419.69052665
0.96875,134408.83742364
1.96875,133941.6834994
2.96875,133553.60630886
3.96875,133298.77101663
4.96875,133136.65537772
5.96875,133031.97890716
6.96875,132962.82804035
7.96875,132916.00405628
8.96875,132883.58553812
9.46875,132871.54720384
10,132860.96486601
