time,E_hw_wet_well
0.03125,129003.7484756
0.09375,131844.4819538
0.21875,133663.25813007
0.46875,134449.26390503
0.96875,134438.16343467
1.96875,133967.25383622
2.96875,133574.52291146
3.96875,133315.96903367
4.96875,133151.48878044
5.96875,133045.38994978
6.96875,132975.30406011
7.96875,132927.79751401
8.96875,132894.85505186
9.96875,132871.70611985
10,132871.137051
