time,E_hw_wet_well
0.03125,129038.90088143
0.09375,131910.75304775
0.21875,133749.18068482
0.46875,134543.63174095
0.96875,134531.70964458
1.96875,134048.58594816
2.21875,133876.21022109
2.71875,133623.80374255
3.71875,133307.41947965
4.71875,133127.82021774
5.71875,133021.17335995
6.71875,132954.68473263
7.71875,132911.36541418
8.71875,132882.22098902
9.71875,132862.32302648
10,132858.14597931
